Réseau Social,Class,Commentaire client,Commentaire modérateur,Date,category,urgent
Facebook,Espace Client + My Idoom,مشكل في 1.200جيق فيبر مدام نوكيا مخرج الانترنت 1جيق فقط كفاش راح تحلو هذا مشكل ومشكل ثاني فضاء الزبون ميمشيش مندو شهر,"""يرجى تزويدنا بمعلومات اكثر حول انشغالكم عبر مراسلتنا في الخاص نسعى الى ارضاء زبائننا الكرام من خلال تحسن و تطوير نوعية الخدمات و جودة الانترنت. دمتم اوفياء لاتصالات الجزائر ودمنا اقرب لزبائننا. شكرا لتفهمكم. ",45642.40754629629,negative,1
Facebook,Espace Client + My Idoom,فضاء الزبون علاه منقدروش نسجلو فيه رانا نرسلولكم في الخاص ومتجاوبوش علاه,"""لقد تمت مراسلتكم عبر الخاص ، شكراً لكم. ",45642.41052083333,negative,1
Facebook,Espace Client + My Idoom,هل موقع فضاء الزبون متوقف,"""يمكنكم طرح انشغالاتكم فيما يخص خدماتنا عبر الرسائل الخاصة للصفحة مع ارفاق كل المعلومات الضرورية شكرا لتفهمكم. ",45642.44994212963,interrogative,0
Facebook,Espace Client + My Idoom,تطبيق my idoom و فضاء الزبون متوقفان ماسبب,"""يمكنكم طرح انشغالاتكم فيما يخص خدماتنا عبر الرسائل الخاصة للصفحة مع ارفاق كل المعلومات الضرورية شكرا لتفهمكم. ",45642.45009259259,negative,1
Facebook,Espace Client + My Idoom,الشجرة التي تغطي الغابة : تطبيقكم my idoom و فضاء الزبون لا يعملان منذ أسابيع، بالرغم من التواصل معكم عدة مرات عبر المسنجر و لا حياة لمن تنادي,"""لقد تمت مراسلتكم عبر الخاص ، شكراً لكم. ",45642.45465277778,negative,1
Facebook,Espace Client + My Idoom,السلام عليكم لم أستطيع الدخول الى حسابي فضاء الزبون وماإيدوم من فضلكم ماهو الحل كل ماحاولت يطلع الميساج *Cette page n’est pas disponible pour le moment,نحيطكم علمًا بأن خدمة فضاء الزبون أصبحت متوفرة. إذا كنتم تواجهون أي خلل يتعلق بخدمة My Idoom أو فضاء الزبون، يمكنكم التواصل معنا عبر الرسائل الخاصة للحصول على المساعدة اللازمة.,45642.60083333333,negative,1
Facebook,Espace Client + My Idoom,فضاء الزبون راهو حابس عندو سمانة,نحيطكم علمًا بأن خدمة فضاء الزبون أصبحت متوفرة. إذا واجهتم أي خلل يتعلق بخدمة My Idoom أو فضاء الزبون، يرجى التواصل معنا عبر الرسائل الخاصة للحصول على المساعدة اللازمة.,45642.60302083333,interrogative,0
Facebook,Espace Client + My Idoom,حاب نفهم برك بقاولي 5 ايام من اشتارك و يخلاص و نعاود نخلص علاه حبستوه و رجعتو ADSL يعني لغباء هذا علاه حبس الفيدخلت فضاء زبون مزال 5 ايام رحت زهر شعلت ADSL بسك خليتو راكب صح مفيكمش لامان صبتو يمشي و انترنت كاين(و مكلاه تردو عليا ارسل معلوماتك في رسالة بسك تعييو نجو ليكم للمركز و تليكيدو و تقولو غير ايه ايه ساهل ),الرجاء مشاركتنا تفاصيل انشغالكم عبر الرسائل الخاصة للصفحة مع ارفاق كل المعلومات الضرورية,45642.60851851852,negative,1
Facebook,Espace Client + My Idoom,شكراً لكم، لقد تم حل المشكل لفضاء الزبون الخاص بحساب,نحن في خدمتكم نقوم بما في وسعنا لتلبية طلبات زبائننا الكرام شكرا لثقتكم بنا يسعدنا التواصل معكم ,45642.63459490741,positive,0
Facebook,Espace Client + My Idoom,لماذا لا يعمل فضاء الزبون,نحيطكم علمًا بأن خدمة فضاء الزبون أصبحت متوفرة. إذا واجهتم أي خلل يتعلق بخدمة My Idoom أو فضاء الزبون، يرجى التواصل معنا عبر الرسائل الخاصة للحصول على المساعدة اللازمة.,45642.67908564815,interrogative,0
Facebook,Espace Client + My Idoom,ياودي ها ريڨلونا فضاء الزبون وتطبيق my idoom,نحيطكم علمًا بأن خدمة فضاء الزبون أصبحت متوفرة. إذا واجهتم أي خلل يتعلق بخدمة My Idoom أو فضاء الزبون، يرجى التواصل معنا عبر الرسائل الخاصة للحصول على المساعدة اللازمة.,45642.83034722223,negative,1
Facebook,Espace Client + My Idoom,هل فضاء الزبون لايعمل,نحيطكم علمًا بأن خدمة فضاء الزبون أصبحت متوفرة. إذا واجهتم أي خلل يتعلق بخدمة My Idoom أو فضاء الزبون، يرجى التواصل معنا عبر الرسائل الخاصة للحصول على المساعدة اللازمة.,45642.83049768519,interrogative,0
Facebook,Espace Client + My Idoom,"Algérie Télécom - إتصالات الجزائر فضاء الزبون و تطبيق my idoom ",اذا كنتم تواجهون اي خلل يتعلق بخدمة My idoom او فضاء الزبون فبامكانكم التواصل معنا عبر الخاص لنتمكن من تقديم المساعدة ,45643.75557870371,negative,0
Facebook,Espace Client + My Idoom,",فضاء الزبون خارج الخدمة منذ وقت طويل، هل من توضيح؟ ارجو عدم نسخ و لصق الجواب المعياري الذي تستخدمونه لكل الأسئلة","masquer ",45643.77165509259,interrogative,0
Facebook,Espace Client + My Idoom,هل هذا استهزاء بالزبائن ام ماذا فضاء الزبون عنده تقريب شهر وهو خارج الخدمة و لم تقوموا بتصليح الخلل و الان تطلبون من الزبون ايفاءكم بمعلوماته رغم انكم تدرون انه خلل عند كل الزبائن و معظمنا قام بالاتصال بكم من اجل ايجاد حل .,"masquer ",45644.48726851852,negative,0
Facebook,Espace Client + My Idoom,فضاء الزبون قرابة 20 يوم متوقف!!!!!!؟؟؟؟؟," إذا كنتم تواجهون أي خلل يتعلق بخدمة My Idoom أو فضاء الزبون، يمكنكم التواصل معنا عبر الرسائل الخاصة للحصول على المساعدة اللازمة",45644.52690972222,negative,0
Facebook,Espace Client + My Idoom,فهمونا كيفاش نبدلو رقم الهاتف في فضاء الزبون بعد تغيير الرقم من ADSL الى fibre ولا ما درتوش حسابها," ندعوك لتقديم كافة المعلومات الخاصة بحسابك عبر الخاص لنتمكن من تقديم المساعدة +masquer ",45644.53052083333,interrogative,1
Facebook,Espace Client + My Idoom,فضاء الزبون مغلوووقالموقع الإلكتروني معطلMy idoom معطلآه يا بلادي آه 蠟," إذا كنتم تواجهون أي خلل يتعلق بخدمة My Idoom أو فضاء الزبون، يمكنكم التواصل معنا عبر الرسائل الخاصة للحصول على المساعدة اللازمة+masquer ",45644.53210648148,negative,1
Facebook,Espace Client + My Idoom,العام و الخاص يعلم بان تطبيق my idoom وحتى موقع فضاء الزبون لا يعملان منذ مدة و الاجابة أرسل معلوماتك في الخاص عوض إصلاح الخلل....,"masquer ",45644.53342592593,negative,0
Facebook,Espace Client + My Idoom,فضاء الزبون لاتصالات الجزائر به خلل، لا يفتح عندي منذ عدة ايام," إذا كنتم تواجهون أي خلل يتعلق بخدمة My Idoom أو فضاء الزبون، يمكنكم التواصل معنا عبر الرسائل الخاصة للحصول على المساعدة اللازمة",45644.53894675926,negative,1
Facebook,Espace Client + My Idoom,عندي مشكل مع فضاء الزبون لا استطيع الدخول لحسابي ,ة. إذا كنتم تواجهون أي خلل يتعلق بخدمة My Idoom أو فضاء الزبون، يمكنكم التواصل معنا عبر الرسائل الخاصة للحصول على المساعدة اللازمة.,45644.5658912037,negative,1
Facebook,Espace Client + My Idoom,فضاء الزبون لا يعمل معي منذ أكثر من شهر,"ندعوكم للتواصل معنا عبر الخاص قصد تزويدنا بمعلومات أوفر فيما يخص انشغالكم لنتمكن من تقديم المساعدة+masquer ",45644.61737268518,negative,1
Facebook,Espace Client + My Idoom,وشبيهم جميع المواقع لا تعمل فضاء الزبون و ايدوم و الدفع الالكتروني,masquer,45644.67583333333,negative,0
Facebook,Espace Client + My Idoom,Algérie Télécom - إتصالات الجزائر فضاء الزبون و تطبيق my Idoom حابسين !!!!,يرجى الدخول في اعدادات التطبيق Stockage Vider le cache Supprimer les données ثم الدخول في تطبيق مجددا ، او القيام بتحديث التطبيق وفي حال استمرار نفس الانشغال ، لا تترددوا في التواصل معنا عبر الرسائل الخاصة,45644.77684027778,negative,0
Facebook,Espace Client + My Idoom,تطبيق وش بيه حبس فضاء الزابون,الرجاء مشاركتنا تفاصيل انشغالكم عبر الرسائل الخاصة للصفحة مع ارفاق كل المعلومات الضرورية ,45644.86005787037,negative,1
Facebook,Espace Client + My Idoom,تطبيق ايدوم متوقف و فضاء الزبون متوقف,الرجاء مشاركتنا تفاصيل انشغالكم عبر الرسائل الخاصة للصفحة مع ارفاق كل المعلومات الضرورية ,45644.86394675926,negative,1
Facebook,Espace Client + My Idoom,فضاء الزبون لاتصالات الجزائر هل يوجد به خلل، لا يفتح عندي منذ عدة ايام. ارجو الرد من فضلكم.,يمكنكم طرح انشغالاتكم فيما يخص خدماتنا عبر الرسائل الخاصة للصفحة مع ارفاق كل المعلومات الضرورية شكرا لتفهمكم.-إلهام.,45645,negative,1
Facebook,Espace Client + My Idoom,السيت تاع فضاء الزبون او فالسمانة ما يمشيش,يمكنكم طرح انشغالاتكم فيما يخص خدماتنا عبر الرسائل الخاصة للصفحة مع ارفاق كل المعلومات الضرورية شكرا لتفهمكم.-إلهام.,45645,negative,1
Facebook,Espace Client + My Idoom,اودي ريقلوا كونكسيون و فضاء الزبون دخلت درت الشكوى من تم رجع منقدرش ندخل ليه,يمكنكم طرح انشغالاتكم فيما يخص خدماتنا عبر الرسائل الخاصة للصفحة مع ارفاق كل المعلومات الضرورية شكرا لتفهمكم.-إلهام.,45645,negative,1
Facebook,Espace Client + My Idoom,فضاء الزبون منذ التحديث الأخير لايعمل الرجاء إصلاح الخلل,"ر""يمكنكم طرح انشغالاتكم فيما يخص خدماتنا عبر الرسائل الخاصة للصفحة مع ارفاق كل المعلومات الضرورية شكرا لتفهمكم.
-إلهام.""",45645,negative,1
Facebook,Espace Client + My Idoom,خصنا معرفة عدد المكالامات عبر الهاتف والهاتف النقال في فضاء الزبون اوmy idoom,نعلمكم ان كل الاقتراحات التي تصب في فائدة مشتركينا مؤخوذة بعين الاعتبار و سيتم دراستها لارضائكم، نحن ملتزمون بكم وبتقديم أفضل ما لدينا دائما . دمتم اوفياء لاتصالات الجزائر ودمنا اقرب لزبائننا.,45645,suggestion,1
Facebook,Espace Client + My Idoom,انا عندي شكوى فضاء الزبون ماشي خدام والرقم الشكاوي ماشي خدام ,لقد تم التواصل معكم عبر الخاص،,45645.63837962963,negative,0
Facebook,Espace Client + My Idoom,متى يتم النضر في مشكلتي ؟ منذ أسبوعين لا أستطيع الدخول إلى فضاء الزبون لا يعمل في الكمبيوتر و لا في التطبيق,الرجاء مشاركتنا تفاصيل انشغالكم عبر الرسائل الخاصة للصفحة مع ارفاق كل المعلومات الضرورية ,45645.89403935185,negative,1
Facebook,Espace Client + My Idoom,فضاء الزبون 14يوم لايعمل,"""يمكنكم طرح انشغالاتكم فيما يخص خدماتنا عبر الرسائل الخاصة للصفحة مع ارفاق كل المعلومات الضرورية شكرا لتفهمكم. ",45646.43215277778,negative,1
Facebook,Espace Client + My Idoom,فضاء الزبون عبر الخاص لا يعمل لا يتم الرد,"""لقد تمت الإجابة عن رسالتكم عبر الخاص ، شكراً لكم.",45646.48340277778,negative,1
Facebook,Espace Client + My Idoom,تطبيق ايدوم و فضاء على قوقل لا يعملان,اذا كنتم تواجهون اي خلل يتعلق بخدمة My idoom او فضاء الزبون فبامكانكم التواصل معنا عبر الخاص لنتمكن من تقديم المساعدة ,45646.71381944444,negative,1
Facebook,Espace Client + My Idoom,علاش ما قدرتش ندخل في الموقع فضاء الزبائن حبيت نخلص ماراهوش يدخل الكونت ديالي,الرجاء مشاركتنا تفاصيل انشغالكم عبر الرسائل الخاصة للصفحة مع ارفاق كل المعلومات الضرورية ,45646.94707175926,interrogative,0
Facebook,Espace Client + My Idoom,لماذا. حسابي في فضاء الزبون لا يفتح؟,يمكنكم طرح انشغالاتكم فيما يخص خدماتنا عبر الرسائل الخاصة للصفحة مع ارفاق كل المعلومات الضرورية شكرا لتفهمكم.,45647.95302083333,interrogative,0
Facebook,Espace Client + My Idoom,ما هي المدة الزمنية تع أقرب الآجال عندكم، وما هو سبب التأخير الغير مبرر، 16 مرة وأنا أتواصل معكم عبر هذا الفضاء ودوما نفس الرد، ناهيك عن الوكالة التجارية، ما السبب؟?؟؟??؟؟؟؟?؟,msq,45648.3853125,interrogative,1
Facebook,Espace Client + My Idoom,فضاء الزبون لا يعمل عند الكثير,msq,45648.43134259259,negative,0
Facebook,Espace Client + My Idoom,فضاء الزبون راه معطل عند الكثير,msq,45648.43476851852,negative,0
Facebook,Espace Client + My Idoom,فيما يخص فتح حساب فضاء الزبون لقد ذهبت لاتصالات الجزائر لكنهم قالولي لازم تفتح حساب جديد المشكل انني فعلا قمت بفتح حساب جديد و بعثولي رسالة على g.mail من اجل تفعيله و قمت بذلك فعلا لكن عندما ازور صفحة فضاء الزبون و اكتب رقم الزبون و رقم MSISN تخرج لي بأن الصفحة لا تعمل حاليا و هذا منذ اسبوع و انا كل يوم احاول الدخول دون جدوى هل من تفسير او توجيهات,msq,45648.58143518519,suggestion,0
Facebook,Espace Client + My Idoom,فضاء الزبون سواء التطبيق او المتصفح لا يشتغل ؟!,الرجاء مشاركتنا تفاصيل انشغالكم عبر الرسائل الخاصة للصفحة مع ارفاق كل المعلومات الضرورية ,45648.88835648148,interrogative,0
Facebook,Espace Client + My Idoom,التطبيق my idomm فضاء الزبون لاتعمل Algérie Télécom - إتصالات الجزائر,إذا كنتم تواجهون أي خلل يتعلق بخدمة My Idoom أو فضاء الزبون، يمكنكم التواصل معنا عبر الرسائل الخاصة للحصول على المساعدة اللازمة.,45649.51574074074,negative,0
Facebook,Espace Client + My Idoom,"التسجيل في فضاء الزبون معطل، لا يمكنني اتممام العملية لأن ""التحقق"" من الايميل لا يشتغل.",إذا كنتم تواجهون أي خلل يتعلق بخدمة My Idoom أو فضاء الزبون، يمكنكم التواصل معنا عبر الرسائل الخاصة للحصول على المساعدة اللازمة.,45649.51717592592,negative,1
Facebook,Espace Client + My Idoom,وعلاش كي نجسل في فضاء زبون يقلي تأكيد بريد الكتروني وكي نأكد يبقا نفس مشكل,الرجاء مشاركتنا تفاصيل انشغالكم على الرسائل الخاصة للصفحة مع ارفاق كل المعلومات الضرورية,45649.69,interrogative,0
Facebook,Espace Client + My Idoom,لانستطيع الولوج لفضاء الزبون من خلال موقع إتصالات الجزائر و تطبيق my idoom وهذا منذ قترة طويلة,اذا كنتم تواجهون اي خلل يتعلق بخدماتنا فبامكانكم التواصل معنا عبر الخاص لنتمكن من تقديم المساعدة,45649.69195601852,negative,1
Facebook,Espace Client + My Idoom,تطبيق my idom. لا تعمل خاصية فضاء الزبون.,الرجاء منكم مراسلتنا عبر الخاص لطرح انشغالكم ,45650.42768518518,negative,1
Facebook,Espace Client + My Idoom,فضاء الزبون و التطبيق my idoom ( حتى بعد حذف cache ) متوقف منذ مدة؟؟,"الرجاء تزويدنا بتفاصيل انشغالكم عبر الرسائل الخاصة للصفحة ",45650.78747685185,interrogative,0
Facebook,Espace Client + My Idoom,"موقع ""فضاء الزبون"" لا يعمل منذ اسابيع","""الرجاء ارسال هذا الانشغال على الخاص مرفقا بالمعلومات التالية :رقم اشتراككم - رقم هاتفكم المحمول - اسم ولقب صاحب الخط - بريدكم الالكتروني شكرا لكم.",45651.44783564815,negative,0
Instagram,Espace Client + My Idoom,لماذا عملية التسجيل في فضاء الزبون غير متاحة،لقد حاولت التسجيل عدة مرات بدون فائدة.,الرجاء مشاركتنا تفاصيل انشغالكم عبر الرسائل الخاصة للصفحة مع ارفاق كل المعلومات الضرورية,45652.77689814815,interrogative,1
Facebook,Espace Client + My Idoom,فضاء الزبون على تطبيق My idoom لا يشتغل منذ مدة طويلة، هل من تدخل ؟,نحيطكم علمًا بأن خدمة فضاء الزبون أصبحت متوفرة. إذا كنتم تواجهون أي خلل يتعلق بخدمة My Idoom أو فضاء الزبون، يمكنكم التواصل معنا عبر الرسائل الخاصة للحصول على المساعدة اللازمة.,45654.36063657407,interrogative,0
Facebook,Espace Client + My Idoom,بعد التحويل من ADSL الى fibre اصبح الدخول الى حسابي الخاص بفضاء الزبون غير ممكن تظهر كتابة erreur au nom ]وبعدما حملت تطبيق mydoom لفتح حساب جديد بالرقم الهاتف الجديد 040 والحساب الالكترونيي الجديد وضغت على خانة التسجيل ظهرت كتابة ce compte éxiste déjà أين الخلل ؟,ندعوكم للتواصل معنا عبر الخاص قصد تزويدنا بمعلومات أوفر فيما يخص انشغالكم لنتمكن من تقديم المساعدة ,45656.74652777778,interrogative,0
Facebook,Espace Client + My Idoom,إتصالات الجزائر علاه بلعتوا فضاءات تاوعكم منخلصوششش,masqué,45657.51696759259,negative,0
Facebook,Espace Client + My Idoom,Algérie Télécom - إتصالات الجزائر علاه بلعتوا فضاءاتكم,masqué,45657.52233796296,negative,0
Facebook,Espace Client + My Idoom,Algérie Télécom - إتصالات الجزائر كل فضاءاتكم مبغاوششش يخلصوا انترنت لمدة اربعة ايام,masqué,45657.5225,negative,1
Facebook,Espace Client + My Idoom,انا سجلت في فضاء الزبون ثم جاءني رابط عبر البريد الإلكتروني لاتمم عملية التسجيل لكن عندما ادخل في الرابط يقول لي خطأ فاتصلت على الرقم 12واعطيتهم المعلومات التي طلبوها فقالو لي لقد فعلنا لك حسابك لكن عندما احاول الدخول بالرقم وكلمة المرور يقول لي خطأ في اسم المستخدم او كلمة المرور رغم أن الرقم وكلمة المرور ليس فيهما خطأ فمازلت لم أستطع الدخول ارجو حل هذا المشكل من فضلكم وشكرا,نعلمكم أن هذا المنشور يخص استبيان حول موقعنا الإلكتروني وصفحاتنا عبر شبكات التواصل الاجتماعي . نرجو منكم مشاركتنا أرائكم و إقتراحاتكم من خلال الرد على هذا الاستبيان. رأيكم يهمنا ,44976.74876157408,interrogative,1
Facebook,Espace Client + My Idoom,مشكل في موقع فضاء الزبون ؟؟,الرجاء تزويدنا بتفاصيل انشغالكم على الرسائل الخاصة للصفحة ,45002.46173611111,negative,0
Facebook,Espace Client + My Idoom,سلام اريد التسجيل في فضاء الزبون لكن لم استطع اضن انني اخطأت في التسجيل واريد التسجيل من جديد شكرا,الرجاء مشاركتنا تفاصيل انشغالكم على الرسائل الخاصة للصفحة مع ارفاق كل المعلومات الضرورية,45002.85868055555,positive,0
Facebook,Espace Client + My Idoom,كيف الغي اشتراك فضاء الزبون القديم نسيت الايمايل و كلمة السر,الرجاء مشاركتنا تفاصيل انشغالكم عبر الرسائل الخاصة للصفحة مع ارفاق كل المعلومات الضرورية,45007.88983796296,interrogative,0
Facebook,Espace Client + My Idoom,سلام كيفاش نعرف رقم الزبون باش نسجل في فضاء الزبون الي فالفاتورة غالط.......,الرجاء مشاركتنا تفاصيل انشغالكم على الرسائل الخاصة للصفحة مع ارفاق كل المعلومات الضرورية,45008.44818287037,negative,0
Facebook,Espace Client + My Idoom,هل عملية الرفع صالحة عن طريق فضاء الزيون ام لا وشكرا,نعم بالطبع سيدي ☺,45009.38912037037,interrogative,0
Instagram,Espace Client + My Idoom,مكنكم معرفة حجم الانترنت الخاص باشتراككم من خلال إنشاء حساب في فضاء الزبون على الموقع الرسمي وأيضا من خلال تحميل تطبيق,كيفاه نعرف شحال بقالي جيغا افيدونا بمعلومة,45010.05427083333,negative,0
Facebook,Espace Client + My Idoom,بالرغم من توفري على فضاء الزبون الا اته لا توصل بفاتورة الهاتف المدون في بريدي الالكتروني...الرجاء معالجة الامر,نود دعوتكم للتواصل معنا عبر الخاص، حيث يمكنكم تزويدنا بمعلومات إضافية تساعدنا في فهم احتياجاتكم بشكل أفضل وتقديم المساعدة المناسبة,45012.59799768519,negative,0
Facebook,Espace Client + My Idoom,هل ساستفيد من عرض رفع التدفق ان قمت بذلك عن طريق فضاء الزبون ؟,نعم بالطبع سيدي ,45012.60506944444,interrogative,0
Facebook,Espace Client + My Idoom,عند مطالعتي لفضاء الزبون وبعد رفع التدفق عن طريقه لم أجد أني تحصلت على الشهر المجاني المذكور في عرض رمضان Algérie Télécom - إتصالات الجزائر,الرجاء مشاركتنا تفاصيل انشغالكم على الرسائل الخاصة للصفحة مع ارفاق كل المعلومات الضرورية,45013.95546296296,negative,0
Facebook,Espace Client + My Idoom,فضاء الزبون خردة الرداءة حتي في التطور و التكنولوجيا,"masqué ",45016.45074074074,negative,0
Facebook,Espace Client + My Idoom,وضعت طلب و لم يتم رفع السرعة عبر فضاء الزبون .... هل يطول الامر,"لرجاء ارسال هذا الانشغال على الخاص مرفقا بالمعلومات التالية :رقم هاتفكم ـ الاسم و اللقب - رقم هاتفكم المحمول ",45016.50072916667,interrogative,0
Facebook,Espace Client + My Idoom,عبر فضاء الزبون لم اجد رفع التدفق.,يمكنكم الاتصال بخدمة الزبائن على الارقام 12او100 للقيام بالعملية.,45016.00697916667,negative,0
Instagram,Espace Client + My Idoom,"تقدر تحول من اديسال لفيدياسال في فضاء الزبون ولا 12 ","يمكنكم القيام بإختبار الأهلية على الرابط https://www.algerietelecom.dz/ar/particuliers/idoom-adsl-prod3 يمكنكم الاتصال بالرقم 12 حتى يتم رفع سرعة تدفقكم إلى إشتراك 50 ميغا -VDSLإن كنتم مؤهلون لخدمة ال   ",45016.90625,interrogative,0
Facebook,Espace Client + My Idoom,دخلت للفضاء الزبون ما صبتش منين ارفع التدفق,الرجاء تزويدنا بتفاصيل انشغالكم عبر الرسائل الخاصة بالصفحة .,45017.43788194445,negative,0
Facebook,Espace Client + My Idoom,صحا فطوركم لكن الزيادة لا تضهر عند الولوج في فضاء الزبون. يضهر فقط العرض المعبئ,الرجاء مشاركتنا تفاصيل انشغالكم على الرسائل الخاصة للصفحة مع ارفاق كل المعلومات الضرورية,45017.91434027778,negative,0
Facebook,Espace Client + My Idoom,شوفولنا فضاء الزبون الجديد ميبعثش فاتورة الهاتف الثابت للإيميل المسجل وكذلك مكانش خاصية تحميل الفاتورة كيما فضاء الزبون القديم,"مرحبا Imad Yahyawi ،
نعلمكم أننا نولي اهتماما بجميع آرائكم و انشغالاتكم ، و نسعى لتطوير مختلف خدماتنا لترقى لتطلعاتكم.
شهندة 殺.",44958.61386267361,negative,0
Facebook,Espace Client + My Idoom,"نحوس على حل لمشكل عدم وجود الفاتورة في فضاء الزبون وعدم استلامها عبر الايميل
راسلت جميع الجهات ولا حياة لمن تنادي","لرجاء مشاركتنا تفاصيل انشغالكم على الرسائل الخاصة للصفحة مع ارفاق كل المعلومات الضرورية
- هشام",44958.96940743056,negative,1
Facebook,Espace Client + My Idoom,هل موقع فضاء الزبون معطل منذ الأمس أحاول الدخول ولا أستطيع,يرجى تزويدنا بمعلومات اكثر حول انشغالكم، عبر الخاص,44963.44335648148,negative,1
Facebook,Espace Client + My Idoom,لماذا لاتحلو مشكل فضاء زبون,يرجى تزويدنا بمعلومات اكثر حول انشغالكم، عبر الخاص,44963.48796296296,interrogative,0
Facebook,Espace Client + My Idoom,فضاء الزبون لا يعمل معي.,"مرجبا الرجاء تزويدنا بتفاصيل انشغالكم على الرسائل الخاصة للصفحة شكرا~ يزيد ",44964.87814814815,negative,1
Facebook,Espace Client + My Idoom,يهديكم ربي يسهلو الولوج لفضاء الزبون حتى نتمكن من معرفة الرصيد المتبقى بعد الاستهلاك,masqué,44966.92745981481,negative,0
FacebookFacebook,Espace Client + My Idoom,علاش كي نجي نسجل في فضاء الزبون يقولي بلي مسجل من قبل,علمكم أن هذا المنشور يخص استبيان حول تخزين .في هذا الصدد شاركونا أرائكم في هذا الشأن من خلال الرد على هذا الاستبيان  في ما يخص انشغالكم يرجى مراسلتنا عبر الخاص. .,44967.87497685185,interrogative,0
Facebook,Espace Client + My Idoom,Algérie Télécom - إتصالات الجزائر كيف احصل على رقم الزبون لكي اسجل في فضاء الزبون,مرحبا Rachid Belmadi ،,44969.4221875,interrogative,0
Facebook,Espace Client + My Idoom,خدمة فضاء الزبون لا تعمل حاليا، أين الخلل ؟ ما عدا برنامج my idoom,الرجاء مشاركتنا تفاصيل انشغالكم على الرسائل الخاصة للصفحة مع ارفاق كل المعلومات الضرورية,44969.91913712963,interrogative,0
Facebook,Espace Client + My Idoom,Algérie Télécom - إتصالات الجزائر كيفية الولوج الى فضاء الزبون من فضلكم ورقم الزبون هذا منين نجيبوه,"يمكنكم ايجاد رقم الزبون الخاص بكم في عقد اشتراككم ",44970.44920138889,interrogative,0
Facebook,Espace Client + My Idoom,ماراهيش توصل الفاتورة لا عن طريق الإيميل ولا عن طريق فضاء الزبون,تطبيق اتصالات الجزائر My Idoom بحلته الجديدة 朗 مع خصائص و ميزات رائعة يخليكم تستفادوا من خدماتنا بسهولة :تطبيق اتصالات الجزائر My Idoom بحلته الجديدة 朗 مع خصائص و ميزات رائعة يخليكم تستفادوا من خدماتنا بسهولة :تطبيق اتصالات الجزائر My Idoom بحلته الجديدة 朗 مع خصائص و ميزات رائعة يخليكم تستفادوا من خدماتنا بسهولة :تطبيق اتصالات الجزائر My Idoom بحلته الجديدة 朗 مع خصائص و ميزات رائعة يخليكم تستفادوا من خدماتنا بسهولة :,44970.85568287037,negative,0
Facebook,Espace Client + My Idoom,ممكن تعطونا حل كيفية الغاء اشتراك فضاء الزبون,الرجاء مشاركتنا تفاصيل انشغالكم على الرسائل الخاصة للصفحة مع ارفاق كل المعلومات الضرورية,44970.86773148148,interrogative,0
Facebook,Espace Client + My Idoom,كيف نسجل في فضاء الزبون من فضلكم,يرجى إتباع الخطوات التي تجدونها في الرابط التالي  :,44970.89984953704,interrogative,0
Facebook,Espace Client + My Idoom,صراحة فضاء اتصالات الجزائر غير مبني على أسس قوية ممكن في يوم تبرز أشياء مفرحة ثم تختفي فجأة .. التحكم في التكنولوجيا غير مضمون حاليا .. أتمنى لكم التوفيق لأن توفيقكم يسهل علينا مصالحنا .," نعلمكم ان جميع اقتراحاتكم وارائكم ماخوذة بعين الاعتبار، اتصالات الجزائر تسعى دائما على تطوير مختلف خدماتها لترقى لتطلعاتكم.",44970.9065625,negative,0
Facebook,Espace Client + My Idoom,مشكلتي أنني لم أتمكن من التسجيل في فضاء الزبون و في كل مرة تظهر لي عبارة باللون الاحمر في الأسفل رقم الزبون خاطئ ! بالرغم من أن الرقم دققت فيه أكثر من مرة و متأكد 100% أنه صحيح .,الرجاء مشاركتنا تفاصيل انشغالكم على الرسائل الخاصة للصفحة مع ارفاق كل المعلومات الضرورية,44971.34964120371,negative,1
Facebook,Espace Client + My Idoom,انا لم أتمكن من تسجيل فضاء الزبون برغم من رقم الزبون صحيح,تمت مراسلتكم عبر الخاص .,44971.37710648148,negative,1
Facebook,Espace Client + My Idoom,لدي إشتراك عشرون ميجا الألياف البصرية هل يمكنني رفعها إلى خمسون ميجا من فضاء الزبون دون تنقل إلى الوكالة التجارية ارجوا الرد من فضلكم شكرا,بالطبع سيدي يمكنكم رفع التدفق من فضاء الزبون,44971.63980324074,interrogative,0
Facebook,Espace Client + My Idoom,موقع فضاء الزبون مراهش يخدم,نعلمكم أن هذا المنشور يخص استبيان حول تجربتكم ووجهة نظركم حول موقعنا الإلكتروني وصفحاتنا عبر شبكات التواصل الاجتماعي . نرجو منكم مشاركتنا أرائكم و إقتراحاتكم من خلال الرد على هذا الاستبيان. رأيكم يهمنا.,44972.50568287037,negative,0
Facebook,Espace Client + My Idoom,السلام عليكم أريد أن غير الاشتراك الشهري بالنسبة للتدفق عبر فضاء الزبون او عبر الإنترنت ارجو ان تفيدونا وشكرا,"يمكنكم رفع قيمة التدفق عبر تطبيق MY IDOOM او فضاء الزبون ",44973.51472222222,interrogative,0
Facebook,Espace Client + My Idoom,كيف احصل على حساب في فضاء الزبون,تمت مراسلتكم عبر الخاص .,44974.35965277778,interrogative,0
Facebook,Espace Client + My Idoom,توجد مشكلة في الدفع الإلكتروني لبطاقة الذهبية في فضاء الزبون من فضلكم أصلحوا الخلل,الرجاء مشاركتنا تفاصيل انشغالكم على الرسائل الخاصة للصفحة مع ارفاق كل المعلومات الضرورية,44976.7224074074,negative,1
Facebook,Espace Client + My Idoom,نسيت الرقم السري لفضاء الزبون هل يمكن الدخول بتطبيق كم الجديد,الرجاء مشاركتنا تفاصيل انشغالكم على الرسائل الخاصة للصفحة مع ارفاق كل المعلومات الضرورية,44976.9494212963,interrogative,1
Facebook,Espace Client + My Idoom,أريد معرفة رقم الزبون ياه نفتح حساب في فضاء الزبون,يمكنكم إيجاد رقم الزبون في الفواتير الهاتفية السابقة في الأعلى على اليمين أو في عقد الإشتراك سيدي. ,44976.95877314815,interrogative,0
Facebook,Espace Client + My Idoom,حتى فضاء الزبون تاعكم ملي ندخل يقلك صفحة غير متوفرة تصلح مرة في الف ياو راكم ........,"masqué ",44976.9740625,negative,0
Facebook,Espace Client + My Idoom,فضاء زبون مايحبش يمشي قع تعبنا وحنا نسجلو مكان والو," ندعوك لتقديم كافة المعلومات الخاصة بحسابك عبر الخاص  لنتمكن من تقديم المساعدة",44977.37769675926,negative,1
Facebook,Espace Client + My Idoom,"مكنكم تفعيل خدمة idoomly عبر التطيق ، فضاء الزبون او من خلال الاتصال بالرقم 1500 عبر الهاتف الثابت او المحمول ",لدي اقتراح فقط لماذا لا يتم جعل التطبيق يعمل من دون انترنت او انشاء صفحة لتجديد الاشتراك تعمل من دون انترنت لانه اغلبنا يجدد الاشتراك بعد نهايته و ليس قبل ذلك و ايضا الاشتراك دائما ينتهي عند منتصف الليل,44977.50134259259,suggestion,0
Facebook,Espace Client + My Idoom,ديرولنا فديو توضيحي وكيفيه التسجيل في فضاء الزبون,"ان كنتم سجلتم من قبل في فضاء الزبون فكلمة المرور هي نفسهاللتسجيل في التطبيق عليكم ",44977.52092592593,suggestion,0
Facebook,Espace Client + My Idoom,كيفاه.نجيب رقم زبون فضاء زبون,يمكنكم ايجاد رمز الزبون الخاص بكم في الفواتير الهاتفية السابقة كما يمكنكم مراسلتنا عبر الخاص ، نحن دائما في الخدمة,44977.53142361111,interrogative,0
Facebook,Espace Client + My Idoom,عيينا وحنا نسجلو في فضاء الزبون يقولك رقم الزبون خاطئي مافهمناش كيفاه,يمكنكم ايجاد رمز الزبون الخاص بكم في الفواتير الهاتفية السابقة كما يمكنكم مراسلتنا عبر الخاص ، نحن دائما في الخدمة,44977.53361111111,negative,1
Facebook,Espace Client + My Idoom,عندما انتقلت من خدمة Idoom ADSL إلى Idoom Fibre بقي فضاء الزبون يعمل بالقديم وعند محاولة إعادة التسجيل ليكون مرتبطا بخدمة الفايبر لا يقبل لأن البريد الالكتروني ورقم الزبون هو نفسه، فكيف العمل؟,الرجاء مشاركتنا تفاصيل انشغالكم على الرسائل الخاصة للصفحة مع ارفاق كل المعلومات الضرورية,44977.87494212963,interrogative,0
Facebook,Espace Client + My Idoom,Algérie Télécom - إتصالات الجزائر اعطونا رابط فضاء الزبون فظلا و ليس أمرا,يمكنكم للاطلاع على فضاء الزبون عبر الرابط: https://client.at.dz/ar,44978.49152777778,negative,0
Facebook,Espace Client + My Idoom," هناك مشكلة في فضاء الزبائن ..حاولت عدة مرات فتح حساب في فضاء الزبائن لكن في كل مرة يظهر لي ايرور بما معناه ان هذا الحساب موجود مسبقا .ما حل هذه المشكلة ؟",يرجى تزويدنا بمعلومات اكثر حول انشغالكم عبر مراسلتنا في الخاص،شكرا.,44978.60613425926,negative,1
Facebook,Espace Client + My Idoom,Algérie Télécom - إتصالات الجزائر موقع فضاء زبون لا يعمل جيدا ارجو حل المشكل لا نستطيع دفع فاتورة الهاتف او تعبئة الانترنت,الرجاء مشاركتنا تفاصيل انشغالكم على الرسائل الخاصة للصفحة مع ارفاق كل المعلومات الضرورية,44979.60018518518,negative,1
Facebook,Espace Client + My Idoom,لم اتمكن من فتح حساب في موقع فضاء الزبون الرسالة ان رقم الزبون خاطئ,الرجاء مشاركتنا تفاصيل انشغالكم على الرسائل الخاصة للصفحة مع ارفاق كل المعلومات الضرورية,44983.94039351852,negative,1
Facebook,Espace Client + My Idoom,فضاء الزبون لا يسمح إستخدام البريدي الأكتروني مرتين مع رقمين هاتف مختلفين حيث أنني لدي رقم هاتف أبي في سكن و رقم الخاص في سكن إستخدمت نفس البريدي الإلتروني لم يسمح لي بتسجيل Email deja utliser هذا مشكل كبير,لقد تمت مراسلتكم عبر الخاص ،شكرا.,44985.86457175926,negative,1
Facebook,Espace Client + My Idoom,كاين مشكل في تعبئة انترنت adsl باستعمال فضاء الزبون,يرجى تزويدنا بمعلومات اكثر حول انشغالكم عبر مراسلتنا في الخاص،شكرا.,44993.51922453703,negative,1
Facebook,Espace Client + My Idoom,حبيت نسجل في فضاء الزبون لكن يقولي الرقم خاطئ ما عرفتش أين الخلل,الرجاء مشاركتنا تفاصيل انشغالكم على الرسائل الخاصة للصفحة مع ارفاق كل المعلومات الضرورية,44995.87166666667,negative,1
Facebook,Espace Client + My Idoom,لكن عبر فضاء الزبون يطلب الكود,الرجاء مشاركتنا تفاصيل انشغالكم على الرسائل الخاصة للصفحة,44995.88693287037,negative,0
Facebook,Espace Client + My Idoom,والموقع فضاء الزبون والتطبيق يخدمو اوفلاين مثلا ولا لازم انترنت 廊,يجب توفر الانترنت لإستعمال الموقع أو التطبيق لكن يمكنكم الاستفادة من الخدمة عبر الاتصال بالرقم 1500من الهاتف الثابت او النقال ☺️.,44995.98228009259,interrogative,0
Twitter,Espace Client + My Idoom,برج الكيفان اظنها من العاصمة خارج تغطيتكم....احشموا بركاو بلا كذب....طلعنا الصواريخ للفضاء....بصح بالكذب....,إتصالات الجزائر ماضية قدما من أجل ربط كامل التراب الوطني بتكنولوجيا الألياف البصرية و ذلك للسماح لزبائنها من الإستفادة من أحسن الخدمات. نحن دائما في خدمتكم.,44997.55555555555,negative,1
Facebook,Espace Client + My Idoom,علاه حبستوا العمل بفضاء الزبون على المتصفح التطبيق برك راه يخدم خلوهم يخدموا في زوج,Algérie Télécom - إتصالات الجزائر ,44998.35232638889,negative,0
Facebook,Espace Client + My Idoom,فضاء الزبون لايعمل...خطأ في الرابط,الرجاء تزويدنا بتفاصيل انشغالكم عبر الرسائل الخاصة للصفحة ,44998.94892361111,negative,1
Facebook,Espace Client + My Idoom,ديرولنا حل لفضاء الزبون,الرجاء تزويدنا بتفاصيل انشغالكم عبر الرسائل الخاصة بالصفحة .,44999.36130787037,negative,0
Facebook,Espace Client + My Idoom,وعلاش التعبئة في تطبيق My idoom ببطاقة التعبئة فقط ؟!,يرجى توضيح استفسارك أو مراسلتنا عبر الرسائل الخاصة للصفحة,44962.96092592592,negative,1
Facebook,Espace Client + My Idoom,تطبيقكم my idoom كلما تجي تدخله يطلب منك كلمة السر وكي تنساها يرسل رمز التأكيد مرتين للبريد راني نقاسي لاني نسيت كلمة السر خلو جدو مفتوح كي الفيسبوك علاه كلما تخرج وترجع يطلب كلمة السر انا عندي مرض النسيان,masqué,44967.88392361111,negative,1
Facebook,Espace Client + My Idoom,كيف يتم رفع سرعة تدفق الأنترنت بواسطة تطبيق (My Idoom) وشكرا.,بعد اختبار اهلية خطكم ، يتم الدخول الى تطبيق my idoom و اختيار augmentation de débit و اختيار التدفق المراد .,44971.35863425926,interrogative,0
Facebook,Espace Client + My Idoom,كفاه نخلص انترنت من تطبيق تاعكم My idoom,عن طريق الدخول الى تطبيق my idoom و اختيار paiement en ligne و اتباع الخطوات .,44971.36274305556,interrogative,0
Facebook,Espace Client + My Idoom,Algérie Télécom - إتصالات الجزائر كيف أشترك في my idoom,عن طريق تحميل التطبيق و انشاء حساب فيه .,44971.38143518518,interrogative,0
Facebook,Espace Client + My Idoom,عندي مشكل التسجيل في تطبيق  عند التسجيل يقول حساب متوفر و عند محاولة استرجاع كلمة السر يقول حساب غير موجود my idoom,الرجاء مشاركتنا تفاصيل انشغالكم على الرسائل الخاصة للصفحة مع ارفاق كل المعلومات الضرورية,44973.95945601852,negative,1
Facebook,Espace Client + My Idoom,شكارة حليب كارت الشفاء تطبيق my idoom عذاب دنيا,"masqué ",44976.9257175926,negative,0
Facebook,Espace Client + My Idoom,السلام عليكم هاذا التطبيق my idoomنقدر نسجل فيه بشريحة مودام 4G LTE الخاص بي وشكرا وارجو الشرح اذا ممكن التسجيل,"نعم يمكنكم الأستفادة من تطبيق My Idoom بشريحة الذجيل الرابع. ",44983.91599537037,interrogative,0
Facebook,Espace Client + My Idoom,لماذا لا يمكنني رفع التدفق من تطبيق my idoom,ندعوكم للتواصل معنا عبر الخاص قصد تزويدنا بمعلومات أوفر فيما يخص انشغالكم لنتمكن من تقديم المساعدة,44995.4805324074,interrogative,0
Facebook,Espace Client + My Idoom,"Algérie Télécom - إتصالات الجزائر تطبيق my idoom كي نسجل تقلي هذا الحساب موجود ",الرجاء مشاركتنا تفاصيل انشغالكم على الرسائل الخاصة للصفحة مع ارفاق كل المعلومات الضرورية,44995.86952546296,negative,0
Facebook,Espace Client + My Idoom,عملية تفعيل الخدمة على تطبيق my idoom تفشل دائما,الرجاء مشاركتنا تفاصيل انشغالكم على الرسائل الخاصة للصفحة مع ارفاق كل المعلومات الضرورية,44995.88581018519,negative,1
Facebook,Espace Client + My Idoom,معرفتش نسجل في my idoom كيفاه ندير,إسم المستخدم في التطبيق هو رقم الهاتف الثابت أو رقم شرحت الجيل الرابع، وكلمة السر هي نفسها كلمة سر فضاء الزبون، بمعناه يجب أن يكون لديكم حساب في فضاء الزبون للإستفادة من الخدمة ☺,44995.98847222222,interrogative,1
Facebook,Espace Client + My Idoom,L APPLICATION MY IDOOM M AFFICHE TOUT LE TEMPS ( PROBLEME DE CONNEXION ) ET JE N ARRIVE PAS A ME CONNECTE A MON COMPTE SACHANT QUE JE SUIS CLIENT 4G DEPUIS TROIS SEMAINES (16 FEVRIER ),"Prière de nous contacter en message privé et nous envoyer les informations suivantes : Nom & prénom, numéro de ligne mobile et 4 G , adresse mail et votre code client , merci.",44997.43054398148,negative,1
Facebook,Espace Client + My Idoom,تطبيق my idoom مليح بصح لوكان تزيدو فيه خدمة التوقيف المؤقت للأنترنت و إعادة التشغيل يولي فوووور وتنقصو علينا نروحو للوكالة,نعلمكم أن هذا المنشور يخص استبيان حول تجربتكم ووجهة نظركم حول وصفحاتنا عبر شبكات التواصل الاجتماعي . نرجو منكم مشاركتنا أرائكم و إقتراحاتكم من خلال الرد على هذا الاستبيان. رأيكم يهمنا.,44997.82674768518,suggestion,1
Facebook,Espace Client + My Idoom,"bonsoir a vous je me permet de signaler le manque de professionnalisme au niveau de l'actel beb ezzouar, comme mes appels sortant du fixe sont restreint, j'ai procédé au paiement des factures en utilisant l'application My Idoom ""carte dahabia"", opération effectué pas succès, sauf que ma ligne sauf que ma ligne ne s'est pas rétablie.",Veuillez nous fournir plus de renseignements sur votre préoccupation en nous envoyant un message en privé. Merci ,44998.98530092592,negative,1
Facebook,Espace Client + My Idoom,انا طلعت ديبي من apk my idoom مزادولي والو لحد الساعة﫤,الرجاء مشاركتنا تفاصيل انشغالكم عبر الرسائل الخاصة للصفحة مع ارفاق كل المعلومات الضرورية,45012.9334837963,negative,0
Facebook,Espace Client + My Idoom,لقد قمت برفع التدفق من 10الى 15ميغابايت عبر تطبيق my Idoom يزم امس ولم اتحصل على الشهر . أين المشكل ؟؟؟,الرجاء مشاركتنا تفاصيل انشغالكم عبر الرسائل الخاصة للصفحة مع ارفاق كل المعلومات الضرورية,45012.9566087963,interrogative,0
Facebook,Espace Client + My Idoom,السلام عليكم.لم انجح في دفع فواتير الهاتف و الانترنت باستعمال My idoom !,يرجى تزويدنا بمعلومات اكثر حول انشغالكم عبر مراسلتنا في الخاص،شكرا.,45013.40511574074,negative,0
Facebook,Espace Client + My Idoom,Pas de bonus jai recharger internet adsl via baridi mob je vois sur lapps my idoom que ya rien juste les journées que jai payer pas de bonus,"Prière de nous contacter en message privé et nous envoyer les informations suivantes : Nom & prénom, numéro de ligne mobile et fixe , adresse et l’adresse de votre agence commerciale, merci ",45015.52564814815,negative,0
Twitter,Espace Client + My Idoom,هل يمكن رفع التدفق عن طريق تطبيق my idoom,بالطبع سيدي,45015.40116898148,interrogative,0
Facebook,Espace Client + My Idoom,"أنا قمت برفع سرعة التدفق فقط عن طريق ، تطبيق ""my idoom"" وفي حدود 48 استفدت من شهر انترنت مجاني ، ورفع في سرعة التدفق بكبسة زر، شكرًا على قربكم",شكرا لثقتكم ووفائكم لاتصالات الجزائر نحن دائما في خدمتكم,45017.46738425926,positive,0
Facebook,Espace Client + My Idoom,قمت برفع التدفق من 10 ميغا الى 15 ميغا على تطبيق my idoomy ولكن سرعة التدفق لم ترتفع كما ان رصيد الإضافي المهدى لم يضف للحساب," ندعوك لتقديم كافة المعلومات الخاصة بحسابك عبر الخاص لنتمكن من تقديم المساعدة ",45019.44802083333,negative,1
Facebook,Espace Client + My Idoom,تطبيق my idoom لا يعمل خاصة عند الدخول لفضاء الزبون,الرجاء مشاركتنا تفاصيل انشغالكم على الرسائل الخاصة للصفحة مع ارفاق كل المعلومات الضرورية,45658.88188657408,negative,0
Facebook,Espace Client + My Idoom,موقع فضاء الزبون لايعمل لكي اسجل فيه,الرجاء منكم مراسلتنا عبر الخاص لطرح انشغالكم ,45659.38407407407,negative,1
Facebook,Espace Client + My Idoom,سلام عليكم كاين مشكل في تطبيق my idoom مانقدرش ندخل لفضاء الزبون,ندعوكم للتواصل معنا عبر الخاص قصد تزويدنا بمعلومات أوفر فيما يخص انشغالكم لنتمكن من تقديم المساعدة ,45659.54649305555,negative,1
Facebook,Espace Client + My Idoom,ولا نهار شفت زيادة بريدي موب فضاء الزبون جبربتهم كامل,masqué,45659.72456018518,negative,1
Facebook,Espace Client + My Idoom,Amina Ben لا صاحبي هي بعد متروشارجي اونلين تستنى واحد ثلاثة ايام ولا وتعاود تدخل لفضاء الزبون ضك تلقى بلي فعلولك البونيس,masqué,45659.72659722222,positive,0
Facebook,Espace Client + My Idoom,Amina Ben لا داعي للمطالبة بيه فهو يزداد أتوماتكيا بعد الدفع الالكتروني بعد مرور بضعت أيام...يمكنك التاكد من خلال فضاء الزبون,masqué,45659.72671296296,positive,0
Instagram,Espace Client + My Idoom,السلام عليكم بغي نفتح فضاء الزبون ومحبش يفتح في 4Gألتيو خطرش بغي نعرف مدة التعبئة كم يوم,اذا كنتم تواجهون اي خلل يتعلق بخدماتنا فبامكانكم التواصل معنا عبر الخاص لنتمكن من تقديم المساعدة,45659.77032407407,interrogative,0
Facebook,Espace Client + My Idoom,فضاء الزبون لا يعمل، حاولت جاهدا التسجيل فيه لا يعمل، تملأ المعلومات و بعدها لا يمكن الوصول الى الموقع.," إذا كنتم تواجهون أي خلل يتعلق بخدمة My Idoom أو فضاء الزبون، يمكنكم التواصل معنا عبر الرسائل الخاصة للحصول على المساعدة اللازمة",45660.67091435185,negative,1
Facebook,Espace Client + My Idoom,Tebech Habib عندك دير كيما انا خويا كنت حاسب المشكل فالهاتف فورماطيت راحلي كلش من بعد لقيت المشكل فيهم و راه اكثر من شهر هدا المشكل باقي ما تقدرش تدخل لا في تطبيق ماي ادوم او فضاء الزبون,"الرجاء مشاركتنا تفاصيل انشغالكم عبر الرسائل الخاصة للصفحة مع ارفاق كل المعلومات الضرورية+masquer ",45660.67542824074,negative,1
Facebook,Espace Client + My Idoom," إذا كنتم تواجهون أي خلل يتعلق بخدمة My Idoom أو فضاء الزبون، يمكنكم التواصل معنا عبر الرسائل الخاصة للحصول على المساعدة اللازمة"," إذا كنتم تواجهون أي خلل يتعلق بخدمة My Idoom أو فضاء الزبون، يمكنكم التواصل معنا عبر الرسائل الخاصة للحصول على المساعدة اللازمة",45660.80334490741,interrogative,0
Facebook,Espace Client + My Idoom,من فضلك كيف نغير فضاء الزبون من حساب ADSL إلى حساب FTTH وشكرا,يمكنكم التواصل بنا عبر الخاص لمزيد من المعلومات ,45660.81903935185,interrogative,1
Facebook,Espace Client + My Idoom,فضاء الزبون لا يشتغل رانا في 2025 ياو,masqué,45661.44652777778,negative,1
Facebook,Espace Client + My Idoom,فضاء الزبون لا يعمل تطبيق my idoom لا يعمل 2025 نفس المشاكل نفس الاعطاب نفس الروتين لا حول ولا قوة الا بالله 臘‍♂️,masqué,45661.46173611111,negative,1
Facebook,Espace Client + My Idoom,لا يعمل منذ الصباح ونفس الشيء فضاء الزبون على المتصفح,msq,45661.65648148148,negative,1
Facebook,Espace Client + My Idoom,بالفعل بدأنا بفضاء الزبون المعطل في الموقع و في التطبيقواش نزيدوا ، اخطونا برك من انقطاع الانترنات ، رانا خاطينكم,msq,45661.82090277778,negative,1
Facebook,Espace Client + My Idoom,"السلام عليكم .. يوجد خلل تقني بالدخول لفضاء الزبون من خلال تطبيق my idoom ارجوا منكم حل المشكلة وانا على يقين انكم ستبذلون قصار جهدكم خلال وقت وجيز للإنتباه للإنشغال ",الرجاء مشاركتنا تفاصيل انشغالكم على الرسائل الخاصة للصفحة مع ارفاق كل المعلومات الضرورية,45661.99594907407,negative,1
Facebook,Espace Client + My Idoom,كيف تسجيل في فضاء الزبون,ندعوكم لمحاولة التسجيل في فضاء الزبون وذلك بالضغط على الرابط التالي :,45662.89765046296,interrogative,0
Youtube,Espace Client + My Idoom," على منقدرش  نسجل في فضاء الزبون للعلم أنا جديد   الموقع نتاعكم حابس ",نود دعوتكم للتواصل معنا عبر أحد صفحاتنا على مواقع التواصل الاجتماعي، حيث يمكنكم تزويدنا بمعلومات إضافية تساعدنا في فهم احتياجاتكم بشكل أفضل وتقديم المساعدة المناسبة ,45664.00814814815,negative,1
Facebook,Espace Client + My Idoom,أين المودم ZTE هذا الذي اصبح كأنه قمر صناعي منذ اكثر من عام وانتم عن قريب عن قريب عن قريب حتى اصبح بعيد كل البعد حتى للأقمار الصناعية في هذا العام عدد كبير التي ارسلت للفضاء وانتم مع المودم تجولون هههههههههههه في الجزائر يخلق عالم جديد العالم الرابع,msq,45664.43525462963,negative,0
Facebook,Espace Client + My Idoom,علاه كي نحب نسجل في فضاء الزبون تخرجي باجة كحلة #algerietelecom,الرجاء منكم مراسلتنا عبر الخاص لطرح انشغالكم ,45664.45348379629,interrogative,0
Facebook,Espace Client + My Idoom,لا اتمكن من الولوج الى حسابي في الفضاء الزبون ولا حتى بفتح حساب جديد,اذا كنتم تواجهون اي خلل يتعلق بخدماتنا فبامكانكم التواصل معنا عبر الخاص لنتمكن من تقديم المساعدة,45664.77478009259,negative,1
Facebook,Espace Client + My Idoom,تطبيق my idoom متوقف من مدة لانستطيع الدخول اليه لمعرفة فاتورة الهاتف والايام المتبقية للانترنات لفضاء الزبون يجب النظر اليه والقيام باصلاحه,masqué,45664.78319444445,negative,1
Facebook,Espace Client + My Idoom,Algérie Télécom - إتصالات الجزائر كان من الافضل الولوج الى حساب فضاء الزبون برقم الهاتف الثابت و رقم الهاتف المحمول فقط !,masqué,45664.78379629629,suggestion,0
Facebook,Espace Client + My Idoom,"واش بيه التطبيق My Idoom لا يعمل و الدخول لفضاء الزبون عبر صفحة الويب ايظا لا يعمل ",masqué,45664.7858449074,negative,1
Facebook,Espace Client + My Idoom,يا ليلى راني حاصل في فضاء الزبون ونسيت كلمة السر وإمايل واريد فتح حساب جديد ما الحل من فضلكم وشكرا,masqué,45664.78836805555,interrogative,1
Instagram,Espace Client + My Idoom,كيف ارفع تدفق الانترنت من فضاء الزبون,يمكنكم التواصل بنا عبر الخاص لمزيد من المعلومات ,45665.81949074074,interrogative,0
Facebook,Espace Client + My Idoom,"هناك عدة مشاكل لا زال لم يتم التحكم فيها ولا اريد أن اكتب كلام آخرأولا عندما يتغير تدفق الزبون نجد في الفاتورة تغيير لكن في الواقع العكس لازم تغيير port مثلما تغير التدفق ثانيا تطبيق my idoom او فضاء الزبون لا تستطيع استعمالهم لانهم بكل بساطة تطبيقات لا يتم متابعتهم من طرف مختصين ","الرجاء منكم مراسلتنا عبر الخاص لطرح انشغالكم +masquer ",45667.49534722222,suggestion,0
Facebook,Espace Client + My Idoom,سقمونا فضاء الزبون تاع ماي إيدوم ماراهش يفتح,الرجاء مشاركتنا تفاصيل انشغالكم عبر الرسائل الخاصة للصفحة مع ارفاق كل المعلومات الضرورية ,45667.87708333333,negative,1
Facebook,Espace Client + My Idoom,عندي مشكل بفضاء الزبون منقدرش ندخل لحسابي يقولي خطأ في اسم المستخدم او كلمة المرور مع العلم المعلومات نتاعي صحيحة 100%,الرجاء مشاركتنا تفاصيل انشغالكم على الرسائل الخاصة للصفحة مع ارفاق كل المعلومات الضرورية,45668.84875,negative,1
Instagram,Espace Client + My Idoom,دفع الكتروني و منصة فتح فضاء الزبون من نهار الخميس لا تعمل,الرجاء تزويدنا بتفاصيل انشغالكم عبر الرسائل الخاصة للصفحة ,45669.82862268519,negative,1
Facebook,Espace Client + My Idoom,اخدمونا فضاء الزبون باش نعرفو واش كاين ومن بعد اهدرونا على الامور الاخرى,"""يمكنكم طرح انشغالاتكم فيما يخص خدماتنا عبر الرسائل الخاصة للصفحة مع ارفاق كل المعلومات الضرورية شكرا لتفهمكم.",45670.4567824074,negative,0
Facebook,Espace Client + My Idoom,تطبيق MyIdoom لا يعمل. أعدت تثبيته عدة مرات ولم يتجاوز نافذة Speedtest. ثم هناك سؤال يحيرني لماذا تجبروننا على قياس السرعة في فضاء الزبون؟ ولماذا فقط قياس سرعة التحميل دون سرعة الرفع التي يشتكي منها الكثير ومنهم أنا ورغم الشكايات المتعددة وعلى كل المستويات لا يوجد حل، حتى بلغت مرحلة اليأس من وجود حل من طرفكم، حتى محاولة إلغاء الاشتراك وإعادته من أجل الحصول على خط جديد ربما لا يوجد به تقييد للرفع - الذي لا يتجاوز أبدا 48 ميغا رغم أنه من المفروض أن يصل 75 ميغا في اشتراكي 300 ميغا - لم تقبلوا به.,"""يرجى تزويدنا بمعلومات اكثر حول انشغالكم عبر مراسلتنا في الخاص نسعى الى ارضاء زبائننا الكرام من خلال تحسن و تطوير نوعية الخدمات و جودة الانترنت. دمتم اوفياء لاتصالات الجزائر ودمنا اقرب لزبائننا. شكرا لتفهمكم.",45670.51189814815,negative,1
Facebook,Espace Client + My Idoom,تقولو الدفع الالكتروني و التطبيق تاعكم my idoom ميتتقولو الدفع الالكتروني و التطبيق تاعكم my idoom ميت ما يمشيش خاصة فضاء الزبون 若 ما يمشيش خاصة فضاء الزبون 若," إذا كنتم تواجهون أي خلل يتعلق بخدمة My Idoom أو فضاء الزبون، يمكنكم التواصل معنا عبر الرسائل الخاصة للحصول على المساعدة اللازمة",45670.80766203703,negative,1
Facebook,Espace Client + My Idoom,فضاء الزبون عنده عدة ايام خارج الخدمة يرجى منكم معالجة الامر,ندعوكم للتواصل معنا عبر الخاص قصد تزويدنا بمعلومات أوفر فيما يخص انشغالكم لنتمكن من تقديم المساعدة ,45670.86159722223,negative,1
Facebook,Espace Client + My Idoom,أبسط بحاجة ماتمشيش عندي عام ماقدرتش ندخل فضاء الزبون,ندعوكم للتواصل معنا عبر الخاص قصد تزويدنا بمعلومات أوفر فيما يخص انشغالكم لنتمكن من تقديم المساعدة ,45671.65708333333,negative,1
Facebook,Espace Client + My Idoom,فضاء الزبون في تطبيق My idom لا يشتغل,الرجاء منكم مراسلتنا عبر الخاص لطرح انشغالكم ,45671.65775462963,negative,1
Facebook,Espace Client + My Idoom,My idoom فضاء الزبون لايعمل,الرجاء منكم مراسلتنا عبر الخاص لطرح انشغالكم ,45671.65842592593,negative,1
Facebook,Espace Client + My Idoom,اخدمونا. فضاء الزبون,الرجاء منكم مراسلتنا عبر الخاص لطرح انشغالكم ,45672.42625,negative,1
Facebook,Espace Client + My Idoom,"بصح تطبيق my idoom ميمشيش لازم تفتح فضاء الزبون في كروم ول متصفح ",msq,45672.63166666667,negative,1
Facebook,Espace Client + My Idoom,فضاء الزبون تسجيل جديد لا يفتح,الرجاء تزويدنا عبر الخاص برقم اشتراككم + الاسم و اللقب + رقم الزبون + بريدكم الالكتروني لنتمكن من تقديم المساعدة .,45672.66915509259,negative,1
Facebook,Espace Client + My Idoom,Algérie Télécom - إتصالات الجزائر تم تعبئة مبلغ اشتراك شهر ولم يتم إضافة ايام المهداة وتم التأكد عبر حسابي في منصة فضاء الزبون,"نرجو منكم تزويدنا بالمعلومات التالية : الاسم و اللقب ،رقم الهاتف الثابت و المحمول عبر الخاص لنتمكن من تقديم المساعدة ",45672.67157407408,interrogative,0
Facebook,Espace Client + My Idoom,خلصت 6 أشهر بتطبيق بريدي موب و ماعطيتوليش 24 يوم، كي ندخل فضاء الزبون نلقى لحساب قد قد ,ندعوكم للتواصل معنا عبر الخاص قصد تزويدنا بمعلومات أوفر فيما يخص انشغالكم لنتمكن من تقديم المساعدة ,45672.88190972222,negative,1
Instagram,Espace Client + My Idoom,خطي غير مفعل لا استطيع الولوج الى تطبيق ماي اوريدو او موقع فضاء زبون ما حل,"""الرجاء ارسال هذا الانشغال على الخاص مرفقا بالمعلومات التالية :رقم اشتراككم - رقم هاتفكم المحمول - اسم ولقب صاحب الخط  شكرا لكم.",45674.52550925926,negative,0
Facebook,Espace Client + My Idoom,انا مانيش قادر ندخل لفضاء الزبون فالتطبيق,الرجاء منكم مراسلتنا عبر الخاص لطرح انشغالكم ,45674.63506944444,negative,1
Facebook,Espace Client + My Idoom,Derkaoui Hadj Zoubir دير كيما درت أنا فضاء الزبون من غوغل تهنيت وخليك من التطبيق,masqué,45675.43528935185,suggestion,0
Facebook,Espace Client + My Idoom,Menas Soffianne فضاء الزبون,masqué,45675.43597222222,off-topic,0
Facebook,Espace Client + My Idoom,واش نبلغ عندي تقريب عام وانا نشكي في وكالة على مشكل فضاء زبون كي نسجل يقلي تأكيد بريد الإكتروني محبوش يصلحوهلي,ندعوكم للتواصل معنا عبر الخاص قصد تزويدنا بمعلومات أوفر فيما يخص انشغالكم لنتمكن من تقديم المساعدة ,45675.73918981481,negative,1
Facebook,Espace Client + My Idoom,فضاء الزبون لا يعمل من مدةعلاه تخدمو حاجة و ما تكملوهاش,يرجى الدخول في اعدادات التطبيق عبر الهاتف، ثم فيmsq +,45676.4555787037,negative,1
Instagram,Espace Client + My Idoom,شكون مراهش يمشي عندو فضاء الزبون في تطبيق,الرجاء منكم مراسلتنا عبر الخاص لطرح انشغالكم ,45678.4494675926,negative,1
Facebook,Espace Client + My Idoom,فضاء الزبون لا يعمل عندي,ندعوكم للتواصل معنا عبر الخاص قصد تزويدنا بمعلومات أوفر فيما يخص انشغالكم لنتمكن من تقديم المساعدة ,45678.46997685185,negative,1
Facebook,Espace Client + My Idoom,كي يولي التطبيق و فضاء الزبون يمشي قبل,الرجاء منكم مراسلتنا عبر الخاص لطرح انشغالكم ,45678.47065972222,negative,0
Facebook,Espace Client + My Idoom,قمت بتعبئة ستة اشهر باشتخدام بريدي موب لكن لم تظهر لي الزيادة في موقع فضاء الزبون,ندعوكم للتواصل معنا عبر الخاص قصد تزويدنا بمعلومات أوفر فيما يخص انشغالكم لنتمكن من تقديم المساعدة ,45678.47108796296,negative,1
Facebook,Espace Client + My Idoom,هل تطبيق ماي ايدوم يعمل ام لا.. لانه عندما اريد ان ادخل لفضاء الزبون من تطبيق برقم هاتف ثابت و رقم سري لا يفتح و يبقى يدور اما اذا دخلت لفضاء الزبون من صفحة واب يفتح عادي اين خلل ؟ مع علم اني حذفت التطبيق و اعدت تثبيته,الرجاء منكم مراسلتنا عبر الخاص لطرح انشغالكم ,45678.52569444444,interrogative,1
Facebook,Espace Client + My Idoom,كذالك الانترنات كانت السرعة النات رفعناها من10الى20mbpsلقد عبئنا عبر الفضاء الاكتروني 2200دج قبل الانتهاء ولم نستفيد من البونيس,"""الرجاء ارسال هذا الانشغال على الخاص مرفقا بالمعلومات التالية :رقم اشتراككم - رقم هاتفكم المحمول - اسم ولقب صاحب الخط  شكرا لكم.",45679.43861111111,negative,1
Facebook,Espace Client + My Idoom,Algérie Télécom - إتصالات الجزائر مساء الخير، فضاء الزبون معطل و لا يمكنني الولوج الى الموقع.,الرجاء منكم مراسلتنا عبر الخاص لطرح انشغالكم ,45679.80784722222,negative,1
Facebook,Espace Client + My Idoom,المشكلة انني لا استطيع الولوج إلى فضاء الزبون علما انني سجلت فيه من قبل لكنني لم اتذكر الايمايل الذي فتحت به الحساب ارجو منكم مساعدتي في الولوج إلى حسابي في فضاء الزبون شكرا لكم Algérie Télécom - إتصالات الجزائر تم ارسال جميع المعلومات في الخاص,نعلمكم أن رسائلكم الخاصة مأخوذة بعين الاعتبار و تتم معالجتها بصفة دورية.,45680.69696759259,interrogative,1
Facebook,Espace Client + My Idoom,تطبيق ماي ايدوم مايدخلش فضاء الزبون,"""يمكنكم طرح انشغالاتكم فيما يخص خدماتنا عبر الرسائل الخاصة للصفحة مع ارفاق كل المعلومات الضرورية شكرا لتفهمكم.",45681.64960648148,negative,1
Facebook,Espace Client + My Idoom,أين هي الفواتير في فضاء الزبون؟,"""الرجاء تزويدنا بتفاصيل طلبكم على الرسائل الخاصة للصفحة  شكراً لتفهمكم.",45681.65008101852,interrogative,0
Facebook,Espace Client + My Idoom,الفضاء مابقاش يخرج الفواتير والعمليات وخدمة الدفع الالكتروني راهي تدي دراهم وماتتخلصش الانترنت,"""اذا كنتم تواجهون اي خلل يتعلق بخدماتنا فبامكانكم التواصل معنا عبر الخاص لنتمكن من تقديم المساعدة، شكراً جزيلاً لكم",45681.65291666667,negative,1
Facebook,Espace Client + My Idoom,المشكل لما كنت اتعامل مع الموقع والنت 4g كل مرة مشكل لما تحاول الدخول حتى تسمحفضاء الزبون كارثة مع انه مهم,نطمئنكم بأن الخدمة فعالة. في حال واجهتم أي انشغال، يرجى مراسلتنا عبر الخاص. نحن دائماً في خدمتكم.,45681.66224537037,negative,1
Facebook,Espace Client + My Idoom,فضاء لا يقدم هدايا للزبائن منصة متخلف وقديمة و قليلة الخدمات,"msq ",45681.66417824074,negative,0
Facebook,Espace Client + My Idoom,My idoooماشفتوهاش راهي بلوكي جايين لفضاءالزبون,"""يمكنكم طرح انشغالاتكم فيما يخص خدماتنا عبر الرسائل الخاصة للصفحة مع ارفاق كل المعلومات الضرورية شكرا لتفهمكم.",45681.68399305556,negative,1
Instagram,Espace Client + My Idoom,مع الاسف فضاء متعطل مايخدمش,"""يمكنكم طرح انشغالاتكم فيما يخص خدماتنا عبر الرسائل الخاصة للصفحة مع ارفاق كل المعلومات الضرورية شكرا لتفهمكم.",45681.69244212963,negative,0
Facebook,Espace Client + My Idoom,الدخول لفضاء الزبون عبر تطبيق my idoom شبه مستحيل ، نتمنى أن تعملوا على تحسين التطبيق .,الرجاء منكم مراسلتنا عبر الخاص لطرح انشغالكم ,45682.43237268519,negative,1
Facebook,Espace Client + My Idoom,سلام عليكم اريد فتح حساب فضاء الزبون لكن لا اعرف رقم,الرجاء منكم مراسلتنا عبر الخاص لطرح انشغالكم ,45682.43623842593,interrogative,0
Facebook,Espace Client + My Idoom,تطبيق ماي ايدوم مايدخلش في فضاء الزبون علاه,الرجاء منكم مراسلتنا عبر الخاص لطرح انشغالكم ,45682.43667824074,negative,0
Facebook,Espace Client + My Idoom,لماذا لا يتم اظافة خاصية توقيف الخط مؤقتا واعادة تشغيله من فضاء الزبون,نعلمكم ان جميع اقتراحاتكم وارائكم ماخوذة بعين الاعتبار، إتصالات الجزائر تسعى دائما لتطوير مختلف خدماتها ,45682.43715277778,suggestion,0
Facebook,Espace Client + My Idoom,فضاء الزيتون,Masquer,45682.43909722222,negative,0
Facebook,Espace Client + My Idoom,كارثة هذا الفضاء ميتفتحش,الرجاء منكم مراسلتنا عبر الخاص لطرح انشغالكم ,45682.44436342592,negative,0
Facebook,Espace Client + My Idoom,عمي السعيد غليس الرجل الطيب الخلوق موظّف باتصالات الجزائر سوق اهراس يقوم بوظيفته اكثر من فضاء الزبون,Masquer,45682.44449074074,positive,0
Facebook,Espace Client + My Idoom,يكفى ان تصلحوا فضاء الزبون في تطبيق my idoom,الرجاء منكم مراسلتنا عبر الخاص لطرح انشغالكم ,45682.44530092592,negative,0
Facebook,Espace Client + My Idoom,فضاء الزبون عند التسجيل رابط تفعيل الحساب ميطلعش,ندعوكم للتواصل معنا عبر الخاص قصد تزويدنا بمعلومات أوفر فيما يخص انشغالكم لنتمكن من تقديم المساعدة ,45682.44552083333,negative,1
Facebook,Espace Client + My Idoom,فضاء الزبون ماولاش يحطلي الفترة كي بدلت للفيبر يخرجلي 0,ندعوكم للتواصل معنا عبر الخاص قصد تزويدنا بمعلومات أوفر فيما يخص انشغالكم لنتمكن من تقديم المساعدة ,45682.44609953704,negative,1
Facebook,Espace Client + My Idoom,كان عندي حساب منقبل في فضاء الزبون كي كونت بلاديسال او دوك راني بلفيبر قالولي عاود افتح حساب جديد محبش راه يقولي عندك حساب منقبل,ندعوكم للتواصل معنا عبر الخاص قصد تزويدنا بمعلومات أوفر فيما يخص انشغالكم لنتمكن من تقديم المساعدة ,45682.45909722222,negative,1
Facebook,Espace Client + My Idoom,الحساب في الماضي كان فيه العديد من المزايا مثل دليل الهاتف و غيرها. حبذا لو كان فيه امكانية ادخال الرقم المفضل في فضاء الزبون. شكرا,نعلمكم أن ملاحظاتكم و آرائكم مأخوذة بعين الإعتبار حتى نتمكن من تطوير وتحسين خدماتنا شكراً لتواصلكم ,45682.46030092592,suggestion,0
Facebook,Espace Client + My Idoom,كل مرة نبغي نسجل في فضاء الزبون ما يحبش يفوت,الرجاء تزويدنا بتفاصيل انشغالكم عبر الرسائل الخاصة للصفحة ,45682.46207175926,negative,1
Facebook,Espace Client + My Idoom,"مودام 4جي وين نلقاه رقم الزبون  بش نسجل في فضاء الزبون ",للاكتتاب في عرض الجيل الرابع يرجى التوجه الى الوكالة الاقرب اليكم مرفقين ببطاقة التعريف،و وثيقة اثبات الاقامة و 4500 دج للاشتراك في الخدمة,45682.46299768519,interrogative,0
Facebook,Espace Client + My Idoom,نظرا لظروف كل زبون، يرجى تزويدنا عبر فضاء الزبون بخاصية التوقيف المؤقت للانترنات.,نعلمكم ان جميع اقتراحاتكم وارائكم ماخوذة بعين الاعتبار، شكرا لاهتمامكم ,45682.47509259259,suggestion,0
Facebook,Espace Client + My Idoom,عندي عامين و انا نخلص الانترنت ، و ندخل للفضاء الزبون نلقى نفس التاريخ لانتهاء الصلاحية,masqué,45682.74260416667,negative,1
Facebook,Espace Client + My Idoom,كتخلص ادخل لفضاء الزبون واكتب تاريخ نهاية الاشتراك. بعد 4 أو 5 أيام عاود ادخل لفضاء الزبون وشوف اذا زادولك 3 أيام. إذا مكاش عيط للرقم 12 و حط الشكوى تاعك، راح امدوهملك,masqué,45682.74278935185,negative,0
Facebook,Espace Client + My Idoom,اريد تحميل تطبيق فضاء الزبون الذي فيه شعار اتصالات الحزائر او يرسله لي اي احد,masqué,45682.75135416666,interrogative,0
Facebook,Espace Client + My Idoom,من فضلكم لماذا لا يتم اضافة و تفعيل خاصية التوقيف المؤقت La mise en pause على تطبيق My Idoom أو فضاء الزبون حتي يتسنى لنا توقيفها في اوقات عدم التواجد بالمنزل ثم اعادة تشغيلها وقت التواجد به.,نقدر ارائكم واقتراحاتكم وسناخدها بعين الاعتبار حتى نقدم لمشتركينا أحسن الخدمات شكراً لكم ,45683.90644675926,interrogative,0
Facebook,Espace Client + My Idoom,عبئت رصيدي لمدة شهر من بريدي موب ولما أدخل لفضاء الزبون أجد شهر فقط دون 3 أيام إضافية!,"نرجو منكم تزويدنا بالمعلومات التالية : الاسم و اللقب ،رقم الهاتف الثابت و المحمول عبر الخاص لنتمكن من تقديم المساعدة ",45684.44390046296,negative,1
Facebook,Espace Client + My Idoom,سجلت في فضاء الزبون و فعلت الرابط المرسل عبر المايل، لكن يطلب مني تفعيل الرابط في كل المرة. ولم أستطع الإستفادة من هذا الفضاء.,"نرجو منكم تزويدنا بالمعلومات التالية : الاسم و اللقب ،رقم الإشتراك و الهاتف المحمول ،رقم الزبون والبريد الكتروني عبر الخاص ",45684.44490740741,negative,0
Facebook,Espace Client + My Idoom,تغير رقم هاتفي و تحولت من 031 الي 030 لكن فضاء الزبون بقا بالرقم القديم كيف يتم تبدله ؟؟؟ و شكراا,"نرجو منكم تزويدنا بالمعلومات التالية : الاسم و اللقب ،رقم الإشتراك و الهاتف المحمول ،رقم الزبون والبريد الكتروني عبر الخاص ",45684.44591435185,interrogative,1
Facebook,Espace Client + My Idoom,من فضلك فتحت حسابا في فضاء الزابون سابقا و الان لا استطيع الدخول إليه بسبب نسيت كلمة السر الحل من فضلكم.,"نرجو منكم تزويدنا بالمعلومات التالية : الاسم و اللقب ،رقم الإشتراك و الهاتف المحمول ،رقم الزبون والبريد الكتروني عبر الخاص ",45684.45163194444,negative,1
Facebook,Espace Client + My Idoom,كيفاش نطلع هذ التطبيق فضاء الزبون ملقيتوش في متجر بلاي,لاستعمال هذا التطبيق، ما عليكم سوى تحميله عبر الرابط التالي :,45684.45361111111,interrogative,0
Facebook,Espace Client + My Idoom,فضاء خردا,msq,45684.45667824074,negative,0
Facebook,Espace Client + My Idoom,الفضاء يطلب رقم الزبون ؟؟ ماعنديش,رقم الزبون سيدي تجدونه مكتوب كالتالي : code client أو numéro de client في عقد الإشتراك و الفواتير السابقة,45684.45989583333,interrogative,0
Facebook,Espace Client + My Idoom,فضاء الزابون معطل منذ عدة أيام.,الرجاء منكم مراسلتنا عبر الخاص لطرح انشغالكم ,45684.64770833333,negative,1
Facebook,Espace Client + My Idoom,موقع فضاء الزبون لا يخرج لنا الفاتورات الجديدة للهاتف الثابت ويخرج القديمة فقط لا نعرف لماذا ؟؟؟؟؟؟؟,يمكنكم معرفة و تسديد مستحقاتكم وفواتيركم الهاتفية كاملة باستعمال رقم هاتفكم الثابت فقط (دون الحاجة إلى رقم الفاتورة)، وذلك عبر موقعنا الالكتروني :https://ec.algerietelecom.dz/AR/index.php?p=dette_paiement,45684.79157407407,interrogative,1
Facebook,Espace Client + My Idoom,هذا فضاء ميت. طلعتو يعرف غير يقلك خطاء ❌ خطاء وليت سبرميتو خلاص,"asqué ",45684.85326388889,negative,0
Facebook,Espace Client + My Idoom,مثلا هذي المزيد من الخدمات، راكم تعذبونا كي نحبوا نروحوا عطلة ويكون تاريخ نهاية الإنترنت لازم نتنقل للوكالة ويعطل في الحين ماتعطولناش حتي الوقت عقلية متأخرة فعلوا هذه الخدمة في هذا الفضاء ولو مرة واحدة في العام ومحصورة أيام العطلة الصيفية راكم تعذبوا فينا,يسرنا إعلامكم بأن مؤسسة اتصالات الجزائر تعمل باستمرار على تقديم أفضل الخدمات وأحسن العروض لمشتركيها الكرام.,45684.9815625,suggestion,1
Facebook,Espace Client + My Idoom,فضاء الزبون باش يفتح لازم تربص...,"""يمكنكم طرح انشغالاتكم فيما يخص خدماتنا عبر الرسائل الخاصة للصفحة مع ارفاق كل المعلومات الضرورية شكرا لتفهمكم.",45685.44082175926,negative,0
Facebook,Espace Client + My Idoom,لدي حساب في فضاء الزبون ونسيت كلمة المرور، وعند طلب إعادتها عن طريق الإمايل الخاص يكون الرد أن حساب الإمايل غير موجود، الرجاء موافاتي بالحل,ندعوكم للتواصل معنا عبر الخاص قصد تزويدنا بمعلومات أوفر فيما يخص انشغالكم لنتمكن من تقديم المساعدة ، شكرا لتفهمكم.,45685.50254629629,negative,1
Facebook,Espace Client + My Idoom,فضاءفضاء المغبون هههههههه藍 المغبون هههههههه藍,msq,45685.57299768519,negative,0
Facebook,Espace Client + My Idoom,M'y idoom فضاء الزبون يقول لك مشكل اتصال,الرجاء منكم مراسلتنا عبر الخاص لطرح انشغالكم ,45686.44428240741,negative,0
Facebook,Espace Client + My Idoom,Algérie Télécom - إتصالات الجزائر فضاء الزبون معطل,يمكنكم طرح انشغالاتكم فيما يخص خدماتنا عبر الرسائل الخاصة للصفحة مع ارفاق كل المعلومات الضرورية شكرا لتفهمكم.,45687.66908564815,negative,0
Facebook,Espace Client + My Idoom,الفاتورة التي عندي مش مكتوب فيها رقم الزبون بل رقم العملية وعندما اضعه في فضاء الزبون يرفضه يقول لي خاطئ,"ندعوكم لتقديم كافة المعلومات الخاصة بحسابكم عبر الخاص لنتمكن من تقديم المساعدة، شكراً جزيلاً لكم. ",45687.67079861111,negative,0
Facebook,Espace Client + My Idoom,ما تحتاجش تشقى !  هاذ الشعار وكان طبقوه لما نريد الذهاب لعطلة ونريد تعطيل الأنترنيت لفترة العطلة وتفعليه عند العودة راكم تعذبونا هاذ الخدمة كانت متاحة قبل ماتبداو تخدموا في إتصالات الجزائر في فضاء الزبون الأول قبل تحيينه ومتاحةحاليا عبر الهاتف عبر مركزكم للإتصالات في حالة خلل فيقترح عليك تعطيل الأنترنيت حتي معالجة الإشكال بتقديم معلومات فلماذا هاذ البيروقراطية حرروا عقولكم شوية,msq,45688.75822916667,suggestion,0
Facebook,Espace Client + My Idoom,كي ندخل فضاء الزبون يقولي بلي email تاعك ما يڨزيزتيس،,"ندعوكم للتواصل معنا عبر الخاص قصد تزويدنا بمعلومات أوفر فيما يخص انشغالكم لنتمكن من تقديم المساعدة ، شكرا. ",45690.444375,negative,0
Facebook,Espace Client + My Idoom,ممكنة طريقة للتعرف على الرقم الخاص لانشاء حساب في فضاء الزبون ل idoom 4g دون التنقل للوكالة,نرحب بتواصلكم معنا عبر الخاص لتقديم طلبكم، وسنكون سعداء بتوجيهكم ومساعدتكم ,45690.66248842593,interrogative,0
Instagram,Espace Client + My Idoom,فتحت حاسب فضاء الزبون و غلطة في email كيفاش ندير ماقدرتش نكمل عملية التسجيل,الرجاء مشاركتنا تفاصيل انشغالكم عبر الرسائل الخاصة للصفحة مع ارفاق كل المعلومات الضرورية ,45692.88657407407,negative,1
Facebook,Espace Client + My Idoom,"كي دير رفع تدفق الانترنت عبر فضاء الزبون فضاء الزبون يقولك تم رفع التدفق ",ندعوكم للتواصل معنا عبر الخاص قصد تزويدنا بمعلومات أوفر فيما يخص انشغالكم لنتمكن من تقديم المساعدة ,45694.7922337963,negative,0
Facebook,Espace Client + My Idoom,فضاء الزبون ايدوم ماحبش يمشي,"نرحب بتواصلكم معنا عبر الخاص لطرح انشغالكم، وسنكون سعداء بمساعدتكم  ",45695.50466435185,negative,0
Facebook,Espace Client + My Idoom,قمت برفع تدفق الانترنت من 30 ميغا الى 120 ميغا عبر فضاء الزبون ولكن في الواقع لم يتم رفعها عند القيام باختبار السرعة ما زالت 30 ميغا للعلم انه مر اسبوع كامل ومازالت السرعة 30 ميغا,ندعوكم للتواصل معنا عبر الرسائل الخاصة، وسنكون في خدمتكم بكل سرور لتقديم المساعدة ,45696.47356481481,negative,1
Facebook,Espace Client + My Idoom,الفواتير لا تصل الى البريد الالكتروني وغير ممكن تحميلها عبر التطبيق او فضاء الزبون ؟؟؟,ندعوكم للتواصل معنا عبر الخاص قصد تزويدنا بمعلومات أوفر فيما يخص انشغالكم لنتمكن من تقديم المساعدة ,45698.61519675926,negative,1
Facebook,Espace Client + My Idoom,قمت بالتحويل إلى الفايبر...لكن لم أستطع تغيير الرقم في فضاء الزبون....وعند الاتصال ب 100 لا يتم الرد,ندعوكم للتواصل معنا عبر الرسائل الخاصة  لتزويدنا بتفاصيل حول انشغالكم  حتى نتمكن من مساعدتكم ,45698.61712962963,negative,1
Facebook,Espace Client + My Idoom,فضاء الزبون يرفض كل طلبات دخولي اليه بحجة الحساب مستعمل مسبقا و هذا بعد تغييري لرقم الهاتف ،هل من حل منذ اكثر من سنتين؟,ندعوكم للتواصل معنا عبر الخاص قصد تزويدنا بمعلومات أوفر فيما يخص انشغالكم لنتمكن من تقديم المساعدة ,45698.82689814815,interrogative,1
Facebook,Espace Client + My Idoom,"السلام عليكم ، كاين معلومة لو تضاف للتطبيق ستكون مفيدة جدا، كل مرة الزبون يعمل تصعيد للتدفق، مدابينا تتوفر المعلومة تع كل التواريخ مع العملية التي قامت أي من أي تدفق إلى أي تدفق و أيضا أين تمت العملية في التطبيق أو فضاء الزبون أو ربما في الوكالة و شكرا ",نحن نرحب بجميع اقتراحاتكم ونسعى لتطوير مختلف خدماتنا لترقى لتطلعاتكم شكرا.,45699.51206018519,suggestion,0
Facebook,Espace Client + My Idoom,أردت اناد ادخل إلى فضاء الزبون بالرقم الجديد فلم استطع,"نرحب بتواصلكم معنا عبر الخاص لطرح انشغالكم، وسنكون سعداء بمساعدتكم  ",45699.64309027778,negative,0
Facebook,Espace Client + My Idoom," بعد التحويل من خط هاتف ADSL الى خط جديد بالالياف البصرية ، هل ممكن إستعمال الحساب القديم في الفضاء الزابون ؟",نرحب بتواصلكم معنا عبر الخاص لطرح جميع استفساراتكم، وسنكون سعداء بخدمتكم,45699.65543981481,interrogative,0
Facebook,Espace Client + My Idoom,من اجل الدخول الى فضاء الزبون، موقع اتصالات الجزائر مغلق لماذا,"نرحب بتواصلكم معنا عبر الخاص لطرح انشغالكم، وسنكون سعداء بمساعدتكم  ",45699.66197916667,interrogative,0
Facebook,Espace Client + My Idoom,كيفية تبديل عنوان إقامة في تطبيق my idoom,يمكنكم التواصل بنا عبر الخاص لمزيد من المعلومات ,45700.41111111111,interrogative,0
Facebook,Espace Client + My Idoom,تطبيق my Idoom لا يعمل," إذا كنتم تواجهون أي خلل يتعلق بخدمة My Idoom أو فضاء الزبون، يمكنكم التواصل معنا عبر الرسائل الخاصة للحصول على المساعدة اللازمة",45752.43878472222,negative,1
Facebook,Espace Client + My Idoom,My idoom ne marche pas,"""Nous vous invitons à nous transmettre toutes les informations relatives à votre compte en message privé afin que nous puissions vous apporter l’assistance nécessaire. """,45792.82547453704,negative,1
Facebook,Espace Client + My Idoom,تطبيق my idoom لايعمل,الرجاء منكم مراسلتنا عبر الخاص لطرح انشغالكم +msq,45793.47537037037,negative,1
Facebook,Espace Client + My Idoom,تطبيق my idoom لا يشتغل,masquer,45842.8881712963,negative,1
Facebook,Espace Client + My Idoom,لم استطيع دخول my Idoom,"نرحب بتواصلكم معنا عبر الخاص لطرح انشغالكم، وسنكون سعداء بمساعدتكم  ",45690.7812962963,negative,1
Facebook,Espace Client + My Idoom,my idoom mata9derch jarebtha,لتفعيل الخدمة كل ما عليكم هو اتباع الخطوات التالية :,45691.45181712963,negative,1
Facebook,Espace Client + My Idoom,My idoom تطبيق فيه مشاكل كثير اهمها ثقيل جدا جدا,الرجاء منكم مراسلتنا عبر الخاص لطرح انشغالكم ,45691.46269675926,negative,1
Facebook,Espace Client + My Idoom,تطبيق my idoom متوقف عندي منذ مدة والسبب مجهول,الرجاء منكم مراسلتنا عبر الخاص لطرح انشغالكم ,45691.52337962963,negative,1
Facebook,Espace Client + My Idoom,عندي حساب my idoom  و تم الاستفادة بخط جديد للالياف البصرية و لما أردت فتح حساب اخربالرقم الجديد تأتي رسالة بان الايميل مستعمل لهذا الصدد نرجو حل الاشكال و فتح عدة حسابات بنفس الايميل,"نعلمكم أن ملاحظاتكم و آرائكم مأخوذة بعين الإعتبار حتى نتمكن من تطوير وتحسين خدماتنا , كما ندعوكم للتواصل بنا عبر الخاص اذا كنتم تواجهون اي خلل يتعلق بخدماتنا.",45691.66915509259,negative,1
Instagram,Espace Client + My Idoom,سلام عليكم كيف بي امكاني ايجاد رقم الزبون لي التسجيل في my idoom مع العلم اني مشترك جديد في لافيبر بعتولي رقم الهاتف ورقميين سريين ولم في ماذا احتاجهم وشكرا مسبقا,مكنكم بسهولة الحصول على رقم اشتراككم في خدمة الألياف البصرية، بالإضافة إلى رقم الزبون الخاص بكم، من خلال النقر على الرابط أدناه وإدخال:,45692.57841435185,interrogative,1
Facebook,Espace Client + My Idoom,كفاه نعرف وكتاه تخلاصلي la connexion تطبيق ميمشيش خلاص؟,"مرحبا Ab Ir
الرجاء مشاركتنا تفاصيل انشغالكم على الرسائل الخاصة للصفحة مع ارفاق كل المعلومات الضرورية
-هشام",44960.90897394676,interrogative,0
Facebook,Espace Client + My Idoom,تطبيق e-paiement ماراهش يخدم,"
مرحبا عبد الصمد
ندعوكم للتواصل معنا عبر الخاص قصد تزويدنا بمعلومات أوفر فيما يخص انشغالكم لنتمكن من تقديم المساعدة
- سهام",44961.61796990741,negative,1
Facebook,Espace Client + My Idoom,Algérie Télécom - إتصالات الجزائر إلى متى وأنتم تروجون لهذه الرسائل التي لا نرى لها تطبيقا في الواقع سكنات جديدة منذ سنتين لم تستفد من الربط بالأنترنت بالرغم من مراسلتكم أكثر من مرة كونوا جادين وعلى قدر المسؤولية,"commentaire masqué ",44964.62958333334,negative,1
Facebook,Espace Client + My Idoom,بتاريخ 05 فبراير 2023،سددت مبلغ 2631.14 دج للشطر الأول من سنة 2023. مارس... عن طريق التطبيق MiyahiMob. رمز الزبون 460401AG0298 وبعد معاينة حسابي الجاري ببريدي موب، اكتشفت سحب المبلغ مرتين أي2631.14 دج * 2،يعني 5261.28 دج. لذا اطلب من سيادتكم تسوية هذا الخلل. والسلام. رقم الهاتف 0782101101,يرجى مراسلتنا عبر الخاص و تزويدنا بالمعلومات التالية : الاسم و اللقب، رقم الهاتف الثابت و المحمول,44965.63883101852,negative,1
Facebook,Espace Client + My Idoom,دخلتو عليها غير تطبيقات و الانترنت يجيب ربي ,masqué,44965.859375,negative,0
Facebook,Espace Client + My Idoom,كاش تطبيق يخدم مع لمودام ايدوم4g,"الرجاء توضيح طلبكم لنتمكن من توجيهكم
شكرا ، كميليا",44967.69174820602,negative,0
Facebook,Espace Client + My Idoom,كل هذه التطبيقات تحتاج لتدفق كاف لفتحها والعمل بها,الرجاء مشاركتنا تفاصيل انشغالكم على الرسائل الخاصة للصفحة مع ارفاق كل المعلومات الضرورية,44970.85394675926,negative,0
Facebook,Espace Client + My Idoom,رابط تحميل التطبيق,تجدون التطبيق في Play Store و App Store سيدي 朗,44970.85630787037,interrogative,0
Facebook,Espace Client + My Idoom,تطبيق التعبئة والدفع غير منو,نعلمكم ان جميع اقتراحاتكم وارائكم ماخوذة بعين الاعتبار، اتصالات الجزائر تسعى دائما على تطوير مختلف خدماتها لترقى لتطلعاتكم.,44970.85697916667,negative,0
Facebook,Espace Client + My Idoom,ديرو حفظ اسم المستخدم وكلمة المرور ماشي كل مرة تعاود تكتبهم عند الدخول للتطبيق,نعلمكم ان جميع اقتراحاتكم وارائكم ماخوذة بعين الاعتبار، اتصالات الجزائر تسعى دائما على تطوير مختلف خدماتها لترقى لتطلعاتكم.,44970.88975694445,negative,0
Facebook,Espace Client + My Idoom,Algérie Télécom - إتصالات الجزائر الرجاء إضافة التوقيف المؤقت على التطبيق فغير مقبول التوجه للوكالة التجارية و انتظار الطابور على خدمة بأقل من دقيقة و نفس الشيء بالنسبة لارجاعا هدا اصلا ادا وجدت معاملة مقبولة في الوكالات,نعلمكم أننا نولي اهتماما بجميع آرائكم و انشغالاتكم ، و نسعى لتطوير مختلف خدماتنا لترقى لتطلعاتكم.,44971.33939814815,suggestion,0
Facebook,Espace Client + My Idoom,لماذا لاتضعون تطبيق ،إشكيلي من منزل #لتحسين خدمة وعصرنتها ومعالجة مشاكل شبكة سريعا,بامكانكم ارسال انشغالكم عبر الخاص ، نحن في الخدمة .,44971.34784722222,suggestion,0
Facebook,Espace Client + My Idoom,التطبيق ما تقدرش تخلص بيه تقدر تشري بطاقة تعبئة فقط و مشكورين لو ترجعو الفاتورة تاع الهاتف كيما كانت مقبل نقدر نشوف تفاصيل الاستهلاك ككل ماشي كيما راهي الان تشوف غير المبلغ دفع الفاتورة,بامكانكم الدفع الكترونيا عبر تطبيق my idoom بالدخول الى التطبيق و اختيار paiement en ligne ثم اختيار paiement électronique و اختيار اشتراككم و ادخال رقمكم  ثم اختيار وسيلة الدفع .,44971.36771990741,suggestion,0
Facebook,Espace Client + My Idoom,هناك تحسن كبير جدا وسريع في خدمات اتصالات الجزائر نتمنى لكم مزيدا من التطور خاصة فيما يخص سرعة تدفق الانترنت وكذا الغاء الحضر عن بعض تطبيقات مشاهدة المباريات.,نشكركم سيدي على دعمكم و اهتمامكم وندوكم لمشاركتنا رايكم من خلال الرد على هذا الاستبيان :,44972.41280092593,positive,0
Facebook,Espace Client + My Idoom,لبارح فلكيسيت 1000دج بتطبيق بريدي موب للمودام 4gLte. خصمو 1000 بصح العملية لحد الساعه جارية ؟ مكانش وين المشكل,"نود إعلامكم بأن هذا المنشور يتعلق بإستبيان حول تجربتكم ورأيكم في موقعنا الإلكتروني وصفحاتنا على مواقع التواصل الإجتماعي. نتطلع لاطلاعنا على آرائكم ومقترحاتكم من خلال الرد على هذا الإستبيان. رأيكم يهمنا. بالنسبة لانشغالكم يمكنكم مراسلتنا عبر الخاص و تزويدنا بتفاصيل اكثر ",44972.48336805555,interrogative,1
Facebook,Espace Client + My Idoom,صفحة اتصالات الجزائر أظنها من أفضل صفحات المؤسسات العمومية الجزائرية من حيث المحتوى ومستوى التقديم والأمر ينطبق على موقعها الإلكتروني والتطبيق الخاص بها..,نشكركم سيدي على دعمكم و اهتمامكم  رايكم يهمنا وندعوكم لمشاركته معنا من خلال الرد على هذا الاستبيان :,44972.48810185185,positive,0
Facebook,Espace Client + My Idoom,لوكان برك تخيلو اللجوء للموقع و التطبيق تاعكم مجانا بعد نفاذ الانترنت,نتمنى أن تشاركوا معنا أرائكم ومقترحاتكم من خلال الرد على هذا الإستبيان. نرحب بكل تعليقاتكم وردودكم☺️. رأيكم يهمنا كثيراً.,44972.50737268518,suggestion,0
Facebook,Espace Client + My Idoom,تطبيق اتصالات الجزائر تطبيق فاشل كي تخدمو خدمو حاجة نيشان خطرة في حياتكم,نعلمكم أن هذا المنشور يخص استبيان حول تجربتكم ووجهة نظركم حول موقعنا الإلكتروني وصفحاتنا عبر شبكات التواصل الاجتماعي . نرجو منكم مشاركتنا أرائكم و إقتراحاتكم من خلال الرد على هذا الاستبيان. رأيكم يهمنا.بالنسبة لانشغالكم يمكنكم مراسلتنا عبر الخاص و تزويدنا بتفاصيل اكثر,44972.51763888889,negative,0
Facebook,Espace Client + My Idoom,5olasatechمحتوى تقني باختصار (هواتف/تطبيقات/.....واكثر ) شوف الصفحه ممكن تفيدك ,"supprimé ",44973.99798611111,off-topic,0
Instagram,Espace Client + My Idoom,راني حاب تزيدو الخدمة تاع pause   في تطبيق ولي الزبون هو لي يديرها كيما يحب وشكرا,نحن نرحب بجميع اقتراحاتكم ونسعى لتطوير مختلف خدماتنا لترقى لتطلعاتكم شكرا,44976.71358796296,suggestion,0
Facebook,Espace Client + My Idoom,ديرولنا موقع اتصالات الجزائر والتطبيق يخدم حتى كي تروح الانترنت,نعلمكم أن جميع اقتراحاتكم وارائكم مأخوذة بعين الاعتبار، اتصالات الجزائر تسعى دائما على تطوير مختلف خدماتها لترقى لتطلعاتكم.,44976.88182870371,suggestion,0
Facebook,Espace Client + My Idoom,كيفاه نسلفوا من تطبيق بعد ماتخلاص إنترنت 奈臘 اعطولي عقلكم,تطبيق اتصالات الجزائر My Idoom بحلته الجديدة 朗 مع خصائص و ميزات رائعة لتستفيدون من خدماتنا بسهولة :,44976.883125,interrogative,0
Facebook,Espace Client + My Idoom,قد ما حاولت نسجل في التطبيق ماحبش يقبل,إسم المستخدم في التطبيق هو رقم الهاتف الثابت أو رقم شرحت الجيل الرابع، وكلمة السر هي نفسها كلمة سر فضاء الزبون، بمعناه يجب أن يكون لديكم حساب في فضاء الزبون للإستفادة من الخدمة.,44976.8921875,negative,1
Facebook,Espace Client + My Idoom,تطبيق رديء و ثقيل ، وواجهة تشبه لواجهة تطبيق موبيليس ، وين راه مطور التطبيق قولولي برك شكونو والله مانضربو ,"masqué ",44976.89438657407,negative,0
Facebook,Espace Client + My Idoom,تطبيق رديئ مثل مطوره,"masqué ",44976.89898148148,negative,0
Facebook,Espace Client + My Idoom,تطبيق بيه اخطاء كثيرة مثلا عند الدفع الالكتروني يق لك لم يتم اضافة رقم هاتفكم بالبطاقة الذهبية,نعلمكم أن جميع اقتراحاتكم وارائكم مأخوذة بعين الاعتبار، اتصالات الجزائر تسعى دائما على تطوير مختلف خدماتها لترقى لتطلعاتكم.,44976.90607638889,negative,1
Facebook,Espace Client + My Idoom,بصح كي دير رجوع يغلق التطبيق,نعلمكم أن جميع اقتراحاتكم وارائكم مأخوذة بعين الاعتبار، اتصالات الجزائر تسعى دائما على تطوير مختلف خدماتها لترقى لتطلعاتكم.,44976.90653935185,negative,0
Facebook,Espace Client + My Idoom,نحتاج في التطبيق خدمة التوقيف المؤقت للأنترنت ! و تفعيلها من جديد .,نعلمكم أن جميع اقتراحاتكم وارائكم مأخوذة بعين الاعتبار، اتصالات الجزائر تسعى دائما على تطوير مختلف خدماتها لترقى لتطلعاتكم.,44976.90692129629,suggestion,0
Facebook,Espace Client + My Idoom,المفروض ان يفتح التطبيق اليا بالعربية اولا ثم يمكن للزبون ان يغير اللغةان اراد و ليس فتحه بلغة المرحاض الاوربي ...متى تعرفون ان لغة المرحاض الاوربي لا قيمة لها في أي مكان في العالم,"masqué ",44976.90767361111,negative,0
Facebook,Espace Client + My Idoom,تطبيق رائع,نحن في خدمتكم و شكرا على وفائكم ❤,44976.90833333333,positive,0
Facebook,Espace Client + My Idoom,تطبيق رائع و سهل,نحن في خدمتكم و شكرا على وفائكم 朗,44976.91065972222,positive,0
Facebook,Espace Client + My Idoom,Algérie Télécom - إتصالات الجزائر espace client عندو مدة مايخدمش تقدرو تفهموني علاه,"مرحبا Nou RI Ben Safi ،
الرجاء منكم مراسلتنا عبر الخاص ، لطرح انشغالكم .
شهندة 殺.",44961.36804310185,negative,1
Facebook,Espace Client + My Idoom,Réparer votre service d'augmentation de débit sur l'espace client. Nban je fais une demande pour du nucléaire. 3 fois l'annulation de la demande sans explications !,"Veuillez nous fournir plus de renseignements sur votre préoccupation en nous envoyant un message en privé,",44987.61060185185,negative,1
Facebook,Espace Client + My Idoom,لم استطع خلق حساب في espace client ماهو المشكل؟,الرجاء مشاركتنا تفاصيل انشغالكم على الرسائل الخاصة للصفحة مع ارفاق كل المعلومات الضرورية,45002.98530092592,interrogative,0
Facebook,Espace Client + My Idoom,La fonction pour augmenter le débit à travers l'espace client n'existe plus et le 12 nous disent il faut passer à l'agence car ils n'ont pas l'accès ,"Veuillez nous fournir plus de renseignements sur votre préoccupation en nous envoyant un message en privé, merci.",45016.43811342592,negative,1